snp_ids_0,coefficients_0
18607657_5,2.1956670017
3906159_5,2.0836578332
10868436_2,1.5722380251
29358962_1,1.5038849144
7208813_4,1.4295714414
23158826_1,1.2691640055
7375577_5,1.2635874755
3198696_5,1.1767870123
7518033_5,1.1187673079
23166525_5,1.1098133851
16321741_4,1.0414810029
14264531_4,1.0405219938
10454483_4,1.0227771610
8266162_4,0.8947962519
20823499_1,0.8670554509
18394761_3,0.8561215474
13528166_1,0.8548118180
1235133_2,0.8477969758
22336566_5,0.8417417365
12349449_1,0.8301287107
6808276_4,0.8238005064
10836640_2,0.6920203078
25331378_5,0.6903675200
18552966_5,0.6777250170
19002840_5,0.6774895528
10367403_3,0.6714899898
9308477_2,0.6679299222
1553272_2,0.6662721932
14409992_4,0.6353791724
16789311_3,0.6237309645
1751650_3,0.6219008148
17457494_2,0.6213566578
19107530_3,0.6107652862
20960217_5,0.6028644060
18295446_5,0.6025667214
22614072_1,0.5965061457
13377999_1,0.5949465501
8002324_4,0.5944228497
22842301_1,0.5857455651
3908568_5,0.5809829443
9337986_2,0.5725730904
20318368_3,0.5632456771
4518707_2,0.5617611917
12425434_3,0.5586574009
16047770_3,0.5528842853
24336405_1,0.5486223248
11276081_4,0.5408603905
6965131_4,0.5395184734
14943114_1,0.5389563942
21607410_3,0.5240948324
30037988_1,0.5166323443
8700916_2,0.5122997150
22048627_3,0.5000901279
2457871_3,0.4972497074
22281862_1,0.4903563902
17255848_2,0.4656135652
19240926_1,0.4654980951
17206141_5,0.4636427619
10751374_2,0.4568057413
18757248_5,0.4508492028
4060342_1,0.4478806506
4216822_5,0.4477794229
16310601_5,0.4450490286
16660945_3,0.4370531135
15532495_1,0.4258917039
18681206_2,0.4246257473
16764572_2,0.4133737350
11241312_5,0.4067553081
23168629_5,0.4062126225
9649832_4,0.3979236471
8170948_3,0.3918172136
23320550_3,0.3868426785
18035926_3,0.3861035341
12448139_2,0.3857262705
16910734_5,0.3830766465
8368054_1,0.3792568591
11281885_1,0.3783487940
24876931_1,0.3716206039
5780708_5,0.3653324704
21836401_5,0.3626792526
8078314_4,0.3612336380
27044353_1,0.3557484521
5459875_1,0.3549462194
1324777_1,0.3527200806
12126495_1,0.3401477121
12877932_5,0.3322104473
8284028_4,0.3251257599
18612788_1,0.3213402293
24713275_5,0.3110522091
3453974_3,0.3098095718
6638140_4,0.2981777965
10497580_1,0.2935695681
11247088_1,0.2935090465
18387887_3,0.2898183997
24424616_1,0.2843961089
23500755_1,0.2802030884
1415510_4,0.2763152005
24441730_1,0.2763118357
9112339_3,0.2732539631
11708625_3,0.2664933667
24849657_1,0.2642248589
23350586_1,0.2582220435
20076824_5,0.2530754667
5229877_3,0.2452446788
12993837_2,0.2394521970
17883318_3,0.2375834679
14991204_5,0.2369620407
8974073_3,0.2351748541
14361749_3,0.2302570749
13163201_1,0.2244939667
14641353_5,0.2241767310
3170090_5,0.2232008187
22232479_1,0.2204622355
15901282_3,0.2144851519
739346_2,0.2062671790
2237987_1,0.2052494390
20064988_3,0.2041901884
13009098_5,0.2022242665
22609022_1,0.1932626199
14608587_5,0.1932554713
16823933_3,0.1850295261
1272747_5,0.1847339356
1246363_4,0.1834202787
7156309_2,0.1817532042
21265708_1,0.1812591928
18240983_5,0.1758020796
13997301_3,0.1752109778
14854709_4,0.1714109749
21389432_1,0.1665175159
10610917_4,0.1618046277
2223620_4,0.1564763806
16274173_3,0.1564154921
5899098_2,0.1553981398
6195758_4,0.1547330076
27440462_1,0.1536193612
12800101_2,0.1524784534
560791_4,0.1509829062
17417537_5,0.1397047724
5303712_3,0.1347682805
9237339_2,0.1303845724
19938082_1,0.1279994780
13406607_4,0.1258849770
5589092_3,0.1139622928
17158778_5,0.1089540865
7771967_2,0.1072896223
27840362_1,0.1062429480
1695183_4,0.1055370879
9605727_3,0.0996012066
18143795_1,0.0975529210
13886899_2,0.0958019749
11030945_4,0.0953183694
16294961_3,0.0946913790
9636722_3,0.0942798654
6200662_4,0.0917830268
11822213_4,0.0915956364
15109004_5,0.0904345825
5290654_2,0.0879061377
17268592_5,0.0877323786
17782207_4,0.0869330769
16216593_3,0.0857726338
815187_4,0.0856419880
17434025_5,0.0825298017
6956831_4,0.0818408135
10197095_5,0.0810202718
7890326_2,0.0807020892
9452523_2,0.0769031484
25639771_1,0.0764851793
16806002_2,0.0757165054
16650428_4,0.0738148093
23184784_1,0.0737498739
12058088_5,0.0725890541
6523420_4,0.0712220698
27713637_1,0.0699348341
19709336_5,0.0639968461
4822331_4,0.0605479511
9297779_2,0.0579869144
27330514_1,0.0562519706
16075106_3,0.0544847333
16689825_4,0.0496650923
13673597_3,0.0484106406
6990478_4,0.0466866725
12963160_2,0.0444654399
9141159_2,0.0438252027
9518298_2,0.0423660929
18033045_5,0.0416387492
4006999_5,0.0415965427
11145586_3,0.0388898723
16163256_3,0.0372831516
9503158_4,0.0369129477
26764235_1,0.0342022282
20078246_5,0.0337960194
6603547_5,0.0295141144
22583967_5,0.0204899702
2461592_4,0.0195210685
26544677_5,0.0164292351
25194573_5,0.0162281512
23637763_1,0.0161832198
18895956_3,0.0136406852
6548388_4,0.0130029319
7118096_1,0.0118336935
22607041_1,0.0108986673
15884552_3,0.0085107205
9193361_2,0.0067665074
7001746_3,0.0060342304
6392190_2,0.0033589538
13670757_4,0.0002861507
6911805_2,0.0000000000
6910210_2,0.0000000000
6908251_2,0.0000000000
6897888_2,-0.0000000000
6888311_2,0.0000000000
6901258_2,0.0000000000
6896969_2,0.0000000000
6893628_2,0.0000000000
12192756_2,-0.0000000000
6890563_2,0.0000000000
6893445_2,0.0000000000
11839291_2,0.0000000000
6912720_2,0.0000000000
6925970_2,-0.0000000000
6940098_2,-0.0000000000
6938509_2,-0.0000000000
6938126_2,-0.0000000000
6936512_2,-0.0000000000
6936340_2,-0.0000000000
6935524_2,0.0000000000
6927364_2,0.0000000000
6921995_2,-0.0000000000
6915668_2,-0.0000000000
6920507_2,0.0000000000
6919690_2,-0.0000000000
6917138_2,-0.0000000000
6916916_2,-0.0000000000
6886884_2,0.0000000000
6916139_2,-0.0000000000
6915962_2,0.0000000000
6916830_2,-0.0000000000
6882819_2,0.0000000000
6885649_2,-0.0000000000
6860919_2,-0.0000000000
6863896_2,0.0000000000
6863488_2,0.0000000000
6863286_2,0.0000000000
6862413_2,0.0000000000
6861912_2,0.0000000000
6861903_2,-0.0000000000
6861302_2,0.0000000000
6861129_2,-0.0000000000
6860911_2,0.0000000000
6884356_2,0.0000000000
6859407_2,0.0000000000
6859344_2,0.0000000000
6859195_2,0.0000000000
6859084_2,-0.0000000000
6858312_2,0.0000000000
6854971_2,0.0000000000
6848375_2,0.0000000000
6846958_2,0.0000000000
6864295_2,0.0000000000
6864371_2,0.0000000000
6865777_2,0.0000000000
6868905_2,0.0000000000
6883048_2,0.0000000000
6942071_2,0.0000000000
6881579_2,-0.0000000000
6880797_2,0.0000000000
6880083_2,0.0000000000
12195874_2,-0.0000000000
6878842_2,0.0000000000
6878768_2,-0.0000000000
6877417_2,0.0000000000
6876246_2,0.0000000000
6875742_2,0.0000000000
6874409_2,-0.0000000000
6873243_2,-0.0000000000
6872114_2,0.0000000000
6870511_2,0.0000000000
12196723_2,0.0000000000
6870250_2,-0.0000000000
6940727_2,-0.0000000000
6957969_2,0.0000000000
6945114_2,-0.0000000000
6945959_2,0.0000000000
7062090_2,-0.0000000000
7061939_2,-0.0000000000
7060837_2,-0.0000000000
7060721_2,0.0000000000
7059173_2,0.0000000000
7053800_2,0.0000000000
7049491_2,0.0000000000
7043397_2,0.0000000000
7032901_2,-0.0000000000
7031171_2,0.0000000000
7030296_2,-0.0000000000
12176504_2,-0.0000000000
7030007_2,0.0000000000
7025780_2,0.0000000000
7023817_2,0.0000000000
7022688_2,-0.0000000000
7019875_2,0.0000000000
7062297_2,0.0000000000
7063188_2,-0.0000000000
12175988_2,0.0000000000
7075945_2,-0.0000000000
7084853_2,0.0000000000
7083377_2,0.0000000000
7082966_2,-0.0000000000
7079532_2,-0.0000000000
12173876_2,0.0000000000
7078056_2,-0.0000000000
7077495_2,0.0000000000
7073911_2,-0.0000000000
7064492_2,0.0000000000
7073727_2,-0.0000000000
7072818_2,0.0000000000
7071480_2,-0.0000000000
7070113_2,0.0000000000
7068902_2,-0.0000000000
7068324_2,-0.0000000000
7064782_2,-0.0000000000
7017675_2,0.0000000000
7014428_2,0.0000000000
7012930_2,0.0000000000
6963238_2,0.0000000000
6973681_2,0.0000000000
6972912_2,-0.0000000000
6972394_2,0.0000000000
6971994_2,-0.0000000000
6966330_2,0.0000000000
6964497_2,-0.0000000000
6964406_2,0.0000000000
6961091_2,0.0000000000
6975141_2,0.0000000000
6960619_2,0.0000000000
6958836_2,-0.0000000000
6844786_2,0.0000000000
6955218_2,0.0000000000
6953978_2,-0.0000000000
6952651_2,0.0000000000
6949229_2,0.0000000000
6974083_2,-0.0000000000
12183465_2,0.0000000000
7008210_2,-0.0000000000
6995551_2,-0.0000000000
7007727_2,0.0000000000
7006013_2,-0.0000000000
7005315_2,-0.0000000000
7005191_2,-0.0000000000
7004562_2,-0.0000000000
6999467_2,0.0000000000
6998993_2,-0.0000000000
6994778_2,0.0000000000
6976425_2,0.0000000000
6994228_2,-0.0000000000
6992203_2,-0.0000000000
6986642_2,-0.0000000000
6986087_2,0.0000000000
6979593_2,0.0000000000
6978405_2,0.0000000000
6977678_2,-0.0000000000
6845783_2,0.0000000000
6842225_2,0.0000000000
6843215_2,-0.0000000000
12213543_2,-0.0000000000
6655562_2,0.0000000000
6652675_2,0.0000000000
6648719_2,0.0000000000
6633929_2,0.0000000000
6633313_2,0.0000000000
6627570_2,-0.0000000000
6626358_2,-0.0000000000
12239383_2,-0.0000000000
6619879_2,0.0000000000
6614233_2,-0.0000000000
6611607_2,0.0000000000
12257376_2,-0.0000000000
6591212_2,0.0000000000
6584365_2,-0.0000000000
6581872_2,-0.0000000000
6565947_2,0.0000000000
6564366_2,-0.0000000000
6656242_2,-0.0000000000
6656555_2,-0.0000000000
6562909_2,0.0000000000
6657646_2,-0.0000000000
6690012_2,-0.0000000000
6686888_2,0.0000000000
6685343_2,-0.0000000000
6684173_2,-0.0000000000
6683038_2,0.0000000000
6682041_2,-0.0000000000
6677818_2,-0.0000000000
6677662_2,0.0000000000
6674827_2,-0.0000000000
6673807_2,-0.0000000000
6670910_2,-0.0000000000
6669340_2,-0.0000000000
6666279_2,-0.0000000000
6666166_2,0.0000000000
6666048_2,0.0000000000
6663102_2,0.0000000000
6660227_2,0.0000000000
6563421_2,-0.0000000000
6562700_2,-0.0000000000
6692586_2,-0.0000000000
6517793_2,0.0000000000
6513169_2,-0.0000000000
6511050_2,-0.0000000000
6508040_2,0.0000000000
6498603_2,0.0000000000
6497828_2,0.0000000000
12258241_2,0.0000000000
6495952_2,0.0000000000
6493898_2,-0.0000000000
6490869_2,0.0000000000
6488776_2,-0.0000000000
6487894_2,-0.0000000000
6487714_2,0.0000000000
6487003_2,-0.0000000000
6486209_2,0.0000000000
6485939_2,-0.0000000000
6485054_2,0.0000000000
6484022_2,0.0000000000
6514894_2,-0.0000000000
6519992_2,0.0000000000
6561918_2,-0.0000000000
6523171_2,-0.0000000000
6561334_2,-0.0000000000
6556104_2,0.0000000000
6554568_2,0.0000000000
6550483_2,-0.0000000000
6547921_2,-0.0000000000
6545666_2,0.0000000000
6539779_2,0.0000000000
6539523_2,0.0000000000
6539109_2,0.0000000000
6537226_2,0.0000000000
6536946_2,0.0000000000
6532909_2,0.0000000000
6532548_2,-0.0000000000
6531069_2,0.0000000000
6528629_2,0.0000000000
6527411_2,0.0000000000
6525749_2,0.0000000000
6692261_2,-0.0000000000
6698188_2,-0.0000000000
6843176_2,0.0000000000
6813669_2,-0.0000000000
6812189_2,0.0000000000
6809862_2,-0.0000000000
6807863_2,0.0000000000
6806236_2,0.0000000000
12202126_2,0.0000000000
6802682_2,-0.0000000000
6799315_2,0.0000000000
6795974_2,0.0000000000
6792734_2,-0.0000000000
6790801_2,-0.0000000000
6790276_2,0.0000000000
6787865_2,0.0000000000
6786823_2,0.0000000000
6785745_2,0.0000000000
6781730_2,-0.0000000000
6778527_2,0.0000000000
6772477_2,0.0000000000
6812747_2,0.0000000000
6814362_2,0.0000000000
6770395_2,0.0000000000
12201717_2,-0.0000000000
6842829_2,0.0000000000
6842760_2,-0.0000000000
7097131_2,-0.0000000000
6839856_2,0.0000000000
6837322_2,-0.0000000000
6837289_2,-0.0000000000
6833745_2,0.0000000000
6826628_2,0.0000000000
6821594_2,0.0000000000
6817220_2,0.0000000000
12196906_2,-0.0000000000
6816959_2,-0.0000000000
6816828_2,-0.0000000000
6816812_2,-0.0000000000
6816436_2,0.0000000000
6815667_2,-0.0000000000
6814637_2,-0.0000000000
6771557_2,0.0000000000
6769833_2,-0.0000000000
6700291_2,-0.0000000000
6732441_2,-0.0000000000
6731624_2,-0.0000000000
6729785_2,0.0000000000
6728036_2,0.0000000000
6727149_2,0.0000000000
6724190_2,0.0000000000
6722933_2,0.0000000000
12203806_2,-0.0000000000
6722840_2,0.0000000000
6720487_2,-0.0000000000
6719983_2,0.0000000000
6716856_2,0.0000000000
6716588_2,0.0000000000
6714825_2,-0.0000000000
6711942_2,-0.0000000000
6707943_2,0.0000000000
6707150_2,-0.0000000000
6706911_2,0.0000000000
6732301_2,-0.0000000000
6733361_2,-0.0000000000
6769617_2,0.0000000000
12202459_2,-0.0000000000
6768908_2,0.0000000000
6767430_2,0.0000000000
6765578_2,0.0000000000
6761233_2,0.0000000000
6757668_2,0.0000000000
6753479_2,0.0000000000
6750298_2,-0.0000000000
6750252_2,-0.0000000000
6747795_2,0.0000000000
6747312_2,-0.0000000000
6745777_2,0.0000000000
6745441_2,0.0000000000
6742263_2,0.0000000000
6738948_2,0.0000000000
6736344_2,0.0000000000
6735937_2,-0.0000000000
6733801_2,-0.0000000000
7089868_2,0.0000000000
7112940_2,-0.0000000000
7098413_2,0.0000000000
7641020_2,-0.0000000000
7603301_2,0.0000000000
7591073_2,0.0000000000
7588912_2,0.0000000000
7587414_2,0.0000000000
12151375_2,-0.0000000000
7580194_2,0.0000000000
7579860_2,-0.0000000000
7576187_2,0.0000000000
7573543_2,-0.0000000000
7571662_2,0.0000000000
7568941_2,-0.0000000000
7568895_2,0.0000000000
7564434_2,-0.0000000000
7560014_2,0.0000000000
7557665_2,0.0000000000
7552776_2,-0.0000000000
7552025_2,0.0000000000
7632646_2,-0.0000000000
7641933_2,0.0000000000
7541346_2,0.0000000000
7642806_2,-0.0000000000
7663960_2,-0.0000000000
7661102_2,0.0000000000
7658723_2,0.0000000000
7657320_2,-0.0000000000
7657133_2,-0.0000000000
7655726_2,0.0000000000
7655251_2,0.0000000000
7655132_2,-0.0000000000
7653814_2,0.0000000000
7652790_2,-0.0000000000
7652641_2,-0.0000000000
7652600_2,0.0000000000
7650329_2,-0.0000000000
7645679_2,-0.0000000000
7645398_2,0.0000000000
7644284_2,0.0000000000
7643683_2,0.0000000000
7545335_2,0.0000000000
7538468_2,0.0000000000
7667321_2,-0.0000000000
7491835_2,0.0000000000
7483555_2,-0.0000000000
7483013_2,-0.0000000000
7474668_2,0.0000000000
7453918_2,-0.0000000000
7446369_2,-0.0000000000
7442543_2,-0.0000000000
7439984_2,0.0000000000
7438933_2,-0.0000000000
7437888_2,-0.0000000000
7436225_2,-0.0000000000
7436110_2,-0.0000000000
7434813_2,0.0000000000
7433415_2,0.0000000000
7433011_2,-0.0000000000
7432185_2,0.0000000000
12157108_2,0.0000000000
12159366_2,0.0000000000
7490001_2,0.0000000000
7492523_2,0.0000000000
7536114_2,0.0000000000
7493544_2,0.0000000000
7526407_2,0.0000000000
7524501_2,0.0000000000
7520877_2,-0.0000000000
7514555_2,-0.0000000000
7512943_2,-0.0000000000
12151406_2,0.0000000000
7511508_2,0.0000000000
7503574_2,-0.0000000000
7501633_2,-0.0000000000
7499610_2,-0.0000000000
7499279_2,0.0000000000
7497992_2,-0.0000000000
7497362_2,-0.0000000000
7496681_2,0.0000000000
7496488_2,0.0000000000
7496437_2,0.0000000000
7496275_2,-0.0000000000
7666385_2,-0.0000000000
7667870_2,0.0000000000
7103890_2,0.0000000000
7855473_2,0.0000000000
7841751_2,-0.0000000000
7839889_2,0.0000000000
7838525_2,0.0000000000
7836826_2,0.0000000000
7820853_2,-0.0000000000
7819082_2,0.0000000000
7817006_2,0.0000000000
7815171_2,0.0000000000
7813889_2,0.0000000000
7810043_2,0.0000000000
12138119_2,-0.0000000000
7808129_2,0.0000000000
7788862_2,0.0000000000
7784286_2,-0.0000000000
7783758_2,0.0000000000
7781444_2,0.0000000000
12143730_2,-0.0000000000
7852606_2,0.0000000000
7857145_2,-0.0000000000
7775333_2,-0.0000000000
7859793_2,0.0000000000
7894334_2,0.0000000000
7893313_2,0.0000000000
12123278_2,-0.0000000000
7889744_2,-0.0000000000
7888676_2,0.0000000000
7883674_2,0.0000000000
7882834_2,0.0000000000
7880208_2,0.0000000000
7876306_2,0.0000000000
7875953_2,-0.0000000000
7872539_2,0.0000000000
7871474_2,0.0000000000
7868271_2,0.0000000000
12132412_2,-0.0000000000
7863803_2,0.0000000000
7863569_2,0.0000000000
7861653_2,0.0000000000
7777427_2,0.0000000000
7774472_2,-0.0000000000
7670699_2,0.0000000000
7730104_2,-0.0000000000
7729543_2,-0.0000000000
7727609_2,0.0000000000
12144758_2,-0.0000000000
7727325_2,0.0000000000
7724880_2,0.0000000000
7719939_2,0.0000000000
7713441_2,-0.0000000000
7707930_2,0.0000000000
7703518_2,0.0000000000
7696086_2,-0.0000000000
7686358_2,0.0000000000
7682042_2,0.0000000000
7681327_2,0.0000000000
7679287_2,-0.0000000000
7678245_2,0.0000000000
7678201_2,-0.0000000000
7674551_2,0.0000000000
7729606_2,0.0000000000
7730272_2,-0.0000000000
7773674_2,0.0000000000
7730615_2,0.0000000000
12144313_2,-0.0000000000
7769383_2,0.0000000000
7768976_2,0.0000000000
7765720_2,-0.0000000000
7763776_2,-0.0000000000
7763430_2,0.0000000000
7762372_2,0.0000000000
7761736_2,0.0000000000
7759864_2,0.0000000000
7758194_2,0.0000000000
7757825_2,-0.0000000000
7756013_2,-0.0000000000
7752562_2,0.0000000000
7751764_2,-0.0000000000
7736161_2,0.0000000000
7732481_2,0.0000000000
7730920_2,-0.0000000000
7429260_2,-0.0000000000
7427926_2,0.0000000000
7424048_2,-0.0000000000
7206945_2,0.0000000000
7200418_2,0.0000000000
7197062_2,0.0000000000
7195664_2,-0.0000000000
12160543_2,-0.0000000000
12160902_2,0.0000000000
7194908_2,0.0000000000
7194869_2,0.0000000000
7192498_2,0.0000000000
7191551_2,-0.0000000000
7189827_2,0.0000000000
7188349_2,-0.0000000000
7186398_2,0.0000000000
7186107_2,0.0000000000
7184752_2,-0.0000000000
7179107_2,0.0000000000
7177179_2,0.0000000000
7175387_2,-0.0000000000
7204933_2,0.0000000000
7212074_2,0.0000000000
7173385_2,-0.0000000000
7218558_2,0.0000000000
7247967_2,-0.0000000000
7246898_2,-0.0000000000
7246626_2,0.0000000000
7243014_2,0.0000000000
7240584_2,0.0000000000
7238510_2,0.0000000000
7236612_2,0.0000000000
7235517_2,0.0000000000
7232951_2,0.0000000000
7230582_2,0.0000000000
7228664_2,0.0000000000
7228061_2,0.0000000000
7226791_2,0.0000000000
7225233_2,-0.0000000000
7222719_2,-0.0000000000
7220571_2,0.0000000000
7220259_2,0.0000000000
7175030_2,-0.0000000000
12163895_2,-0.0000000000
7421764_2,-0.0000000000
7135677_2,0.0000000000
7134171_2,-0.0000000000
7133409_2,0.0000000000
12170354_2,0.0000000000
7125584_2,0.0000000000
7123912_2,-0.0000000000
7123780_2,0.0000000000
7122964_2,0.0000000000
7122795_2,-0.0000000000
7119986_2,0.0000000000
7118073_2,0.0000000000
7116975_2,0.0000000000
7114963_2,-0.0000000000
7114085_2,0.0000000000
6482469_2,-0.0000000000
7107228_2,-0.0000000000
7107182_2,0.0000000000
7104400_2,-0.0000000000
12168642_2,0.0000000000
7137880_2,0.0000000000
7170980_2,-0.0000000000
7146773_2,0.0000000000
7168510_2,-0.0000000000
7167380_2,-0.0000000000
7164860_2,0.0000000000
7161749_2,0.0000000000
12165582_2,0.0000000000
7161400_2,0.0000000000
7158980_2,-0.0000000000
12166996_2,-0.0000000000
7156880_2,0.0000000000
12167474_2,0.0000000000
7156185_2,-0.0000000000
7155969_2,0.0000000000
7155260_2,0.0000000000
7151365_2,0.0000000000
7149595_2,0.0000000000
7148103_2,0.0000000000
7147811_2,0.0000000000
7248666_2,0.0000000000
7249220_2,-0.0000000000
7253153_2,0.0000000000
7385255_2,0.0000000000
7383201_2,-0.0000000000
7378893_2,0.0000000000
7377576_2,0.0000000000
7376056_2,0.0000000000
7375773_2,-0.0000000000
7374322_2,-0.0000000000
7373920_2,0.0000000000
7372266_2,-0.0000000000
7371363_2,0.0000000000
7371161_2,-0.0000000000
7370836_2,0.0000000000
7370089_2,-0.0000000000
7364103_2,-0.0000000000
7363052_2,0.0000000000
12160060_2,-0.0000000000
7362057_2,-0.0000000000
7361535_2,-0.0000000000
7384505_2,0.0000000000
7385340_2,0.0000000000
7258056_2,0.0000000000
7386588_2,0.0000000000
7421465_2,0.0000000000
7420014_2,0.0000000000
7413886_2,0.0000000000
7413048_2,-0.0000000000
7411114_2,-0.0000000000
7409753_2,0.0000000000
7408591_2,0.0000000000
7408164_2,0.0000000000
7405316_2,0.0000000000
7399185_2,-0.0000000000
7396130_2,0.0000000000
7395500_2,-0.0000000000
7392638_2,0.0000000000
7389922_2,0.0000000000
7388057_2,0.0000000000
7387552_2,0.0000000000
7387461_2,0.0000000000
7360495_2,-0.0000000000
7352771_2,0.0000000000
7351475_2,-0.0000000000
7340063_2,-0.0000000000
7296874_2,-0.0000000000
7294108_2,-0.0000000000
7293069_2,0.0000000000
7292615_2,-0.0000000000
7291030_2,0.0000000000
7289324_2,0.0000000000
7288403_2,-0.0000000000
7286235_2,-0.0000000000
7285221_2,-0.0000000000
7285073_2,0.0000000000
7281070_2,0.0000000000
7275433_2,-0.0000000000
7273665_2,0.0000000000
7261386_2,0.0000000000
7259489_2,0.0000000000
7258611_2,0.0000000000
7258262_2,-0.0000000000
7298940_2,-0.0000000000
7301748_2,-0.0000000000
7302753_2,0.0000000000
7319991_2,0.0000000000
7334748_2,-0.0000000000
7333513_2,0.0000000000
7330826_2,-0.0000000000
7328485_2,0.0000000000
7326727_2,0.0000000000
7324888_2,-0.0000000000
7320556_2,-0.0000000000
7317945_2,0.0000000000
7303607_2,0.0000000000
7316263_2,0.0000000000
7314586_2,0.0000000000
7311447_2,0.0000000000
7310551_2,-0.0000000000
7306536_2,0.0000000000
7306303_2,-0.0000000000
7303732_2,-0.0000000000
6483865_2,0.0000000000
6471285_2,-0.0000000000
6480587_2,0.0000000000
5866015_2,-0.0000000000
5863834_2,-0.0000000000
5863004_2,-0.0000000000
5861107_2,0.0000000000
5859506_2,0.0000000000
5859379_2,0.0000000000
5856298_2,0.0000000000
5852547_2,0.0000000000
5846546_2,0.0000000000
5845875_2,-0.0000000000
5843608_2,0.0000000000
5841899_2,0.0000000000
5839155_2,0.0000000000
5837658_2,-0.0000000000
5836216_2,-0.0000000000
5836196_2,0.0000000000
5835141_2,0.0000000000
5833487_2,-0.0000000000
5864584_2,-0.0000000000
5867238_2,-0.0000000000
5827694_2,0.0000000000
5867769_2,-0.0000000000
12374518_2,0.0000000000
5879706_2,0.0000000000
12381133_2,-0.0000000000
5879535_2,0.0000000000
5879454_2,-0.0000000000
5879312_2,0.0000000000
5879048_2,0.0000000000
5878809_2,-0.0000000000
5878564_2,0.0000000000
5878417_2,0.0000000000
5877891_2,0.0000000000
5877586_2,0.0000000000
5876936_2,0.0000000000
5876869_2,-0.0000000000
5876379_2,0.0000000000
5874502_2,0.0000000000
5872898_2,-0.0000000000
5831369_2,-0.0000000000
5824967_2,-0.0000000000
12374134_2,0.0000000000
5799267_2,0.0000000000
5797361_2,-0.0000000000
5797098_2,0.0000000000
5796040_2,0.0000000000
5795191_2,0.0000000000
5794729_2,-0.0000000000
5792081_2,-0.0000000000
5787320_2,-0.0000000000
5786700_2,-0.0000000000
5785221_2,-0.0000000000
5784843_2,-0.0000000000
5784835_2,-0.0000000000
5783322_2,-0.0000000000
12388876_2,0.0000000000
5781803_2,-0.0000000000
5781788_2,-0.0000000000
5781185_2,-0.0000000000
12396164_2,0.0000000000
5798711_2,-0.0000000000
5799624_2,-0.0000000000
5824933_2,-0.0000000000
5799784_2,0.0000000000
5818737_2,0.0000000000
5816612_2,-0.0000000000
12382461_2,-0.0000000000
5816258_2,-0.0000000000
5815334_2,-0.0000000000
5814887_2,-0.0000000000
5808212_2,0.0000000000
5807171_2,0.0000000000
5807133_2,0.0000000000
5806611_2,-0.0000000000
5806294_2,0.0000000000
5805871_2,-0.0000000000
5805614_2,0.0000000000
5805061_2,-0.0000000000
5803889_2,-0.0000000000
5801984_2,0.0000000000
5800326_2,-0.0000000000
5880271_2,0.0000000000
5880437_2,-0.0000000000
6480309_2,-0.0000000000
5910705_2,0.0000000000
5909025_2,0.0000000000
5907593_2,0.0000000000
5906303_2,0.0000000000
5906089_2,0.0000000000
5905854_2,-0.0000000000
5905735_2,0.0000000000
5905603_2,0.0000000000
5904535_2,0.0000000000
5904016_2,0.0000000000
5903458_2,0.0000000000
5903312_2,0.0000000000
5902961_2,0.0000000000
5902204_2,0.0000000000
5901437_2,0.0000000000
5900941_2,0.0000000000
5899960_2,0.0000000000
5899620_2,-0.0000000000
5910107_2,-0.0000000000
5911316_2,0.0000000000
12367740_2,0.0000000000
5913504_2,0.0000000000
5923168_2,0.0000000000
12367686_2,0.0000000000
5922861_2,0.0000000000
5922298_2,-0.0000000000
5921823_2,0.0000000000
5921181_2,0.0000000000
5920394_2,0.0000000000
5919535_2,0.0000000000
5918886_2,-0.0000000000
5918514_2,-0.0000000000
5918270_2,-0.0000000000
5916700_2,-0.0000000000
5915216_2,0.0000000000
5914953_2,0.0000000000
5914850_2,-0.0000000000
5914786_2,0.0000000000
5914569_2,0.0000000000
5899217_2,0.0000000000
5898616_2,0.0000000000
5881088_2,0.0000000000
5889725_2,0.0000000000
5889032_2,-0.0000000000
5888935_2,0.0000000000
5887919_2,0.0000000000
5886611_2,0.0000000000
5885302_2,0.0000000000
5884974_2,0.0000000000
5884841_2,0.0000000000
