snp_ids_standard,feat_importance_standard
3731103_1,0.0269713290
3869840_1,0.0261513740
6754393_4,0.0229648072
3876764_1,0.0161451045
19002840_5,0.0148506891
6658569_5,0.0148009518
6760571_4,0.0147758164
3873003_1,0.0124374498
6652824_5,0.0120210769
4954245_1,0.0120176133
9297779_2,0.0102392584
2702699_1,0.0095726224
2649805_1,0.0089185759
3893613_1,0.0086638052
6815123_4,0.0079940381
6761868_4,0.0077235466
13848371_2,0.0075130952
19001111_5,0.0074978094
25342544_5,0.0071662660
5694730_2,0.0071465857
1841130_3,0.0065284064
13879727_2,0.0064987638
7855231_1,0.0064470284
19004279_5,0.0061191223
26700920_5,0.0058705187
19446971_2,0.0056478777
830904_3,0.0054271901
13500337_2,0.0053941058
30168020_1,0.0052637896
21367153_5,0.0052602594
6279099_1,0.0052186484
2727702_1,0.0052064918
6863108_4,0.0049099214
200026_4,0.0048576584
25331378_5,0.0046984064
25355085_5,0.0046304599
14223198_5,0.0045759957
26933191_5,0.0045585181
4930217_1,0.0045035630
20801587_3,0.0044701346
5229877_3,0.0044137728
2351069_5,0.0043744179
19568830_5,0.0042357803
26709451_5,0.0039304839
18552966_5,0.0039180527
3014355_5,0.0039017575
4218162_5,0.0038779490
4269859_1,0.0038591533
436639_4,0.0037108625
5437935_3,0.0036380661
470180_4,0.0035780706
6505022_4,0.0035729080
2706831_1,0.0034978967
26093025_1,0.0034920110
9300651_2,0.0034625439
26713298_5,0.0033700173
6714702_4,0.0033136408
26949775_1,0.0032763847
1055426_1,0.0032661757
23089438_3,0.0032371697
14886000_2,0.0031716251
10497580_1,0.0030935698
11682735_2,0.0030723924
29358962_1,0.0028646735
4985699_5,0.0028432924
753480_1,0.0028174440
455851_4,0.0027968637
514515_4,0.0026522449
9646527_2,0.0026206928
6342099_5,0.0026070955
13503787_2,0.0025636391
23309506_5,0.0025115153
3677170_3,0.0024875093
17583010_4,0.0024640593
6709136_4,0.0024638688
592353_3,0.0024535162
20983091_3,0.0024319275
2887457_1,0.0024200662
9971794_4,0.0023887923
20789881_3,0.0023632189
10400063_3,0.0023609416
10488213_3,0.0023579272
18607657_5,0.0023388418
18745888_3,0.0023273812
10057145_2,0.0023052241
10260474_4,0.0022905387
3703968_2,0.0022887848
10513207_2,0.0022537187
15412938_4,0.0021918467
29483705_1,0.0021551228
27999480_1,0.0021112845
1587103_3,0.0021075311
9081309_1,0.0020613652
11534684_5,0.0020293011
7849667_1,0.0019976720
4306428_5,0.0019878820
18195982_2,0.0019759950
2443233_4,0.0019333897
16936800_1,0.0019161319
18604968_5,0.0019133856
9424583_2,0.0019106920
19795070_1,0.0019086197
810136_3,0.0019048321
21977336_3,0.0018961329
17500211_5,0.0018727256
21957456_1,0.0018555784
18600619_5,0.0018481289
14955526_4,0.0018120388
17559730_4,0.0017815355
23188904_5,0.0017712218
21162076_1,0.0017544969
2221171_5,0.0017533252
10789693_5,0.0017429787
8451398_2,0.0017423787
20016149_3,0.0017401618
4166932_4,0.0017244322
11080057_5,0.0017084486
29793727_1,0.0016824482
13832754_2,0.0016623746
18600927_3,0.0016409333
7833912_1,0.0016310598
2377203_1,0.0016064853
7658260_1,0.0015910405
14393060_2,0.0015814900
9976193_3,0.0015738296
8314931_1,0.0015704351
19720552_5,0.0015591210
10787830_5,0.0015437887
15942612_3,0.0015369068
24336405_1,0.0015146416
23355887_1,0.0015131732
8700916_2,0.0014941978
26460766_1,0.0014929288
17115038_5,0.0014903446
17612383_1,0.0014867032
9083800_1,0.0014858117
3713601_3,0.0014754380
6552934_5,0.0014746048
9620740_3,0.0014687708
16171029_2,0.0014674916
17175309_5,0.0014627213
3722827_5,0.0014325125
19356865_1,0.0014324463
4942784_3,0.0014317894
6867024_1,0.0014299292
13781033_2,0.0014250155
12958695_2,0.0014153018
14290763_2,0.0014122600
9060349_3,0.0013847133
4571888_4,0.0013814941
4920857_3,0.0013698402
6772337_3,0.0013489558
6363985_2,0.0013432369
1240032_4,0.0013410437
6996473_5,0.0013404137
14629011_4,0.0013385853
7315668_4,0.0013366776
12136805_4,0.0013219411
18201834_3,0.0013184135
4522968_4,0.0012974350
10559147_2,0.0012916760
23881836_5,0.0012906236
8976848_3,0.0012804319
16088750_1,0.0012800822
11809245_5,0.0012768927
10920096_4,0.0012586773
22443541_1,0.0012585475
3726743_1,0.0012557810
25396390_5,0.0012452303
20823499_1,0.0012443684
26283637_1,0.0012384673
15546808_1,0.0012342751
26613337_5,0.0012272178
18406268_1,0.0012267178
788336_1,0.0012075107
9493283_5,0.0012065646
8925939_1,0.0012060048
10030424_3,0.0012057977
15480565_5,0.0011977268
7420591_5,0.0011904854
10425513_1,0.0011896681
13820200_2,0.0011793630
5309981_5,0.0011714294
3170090_5,0.0011669388
196160_4,0.0011431237
4955099_1,0.0011425827
26159749_1,0.0011420319
6484022_2,0.0011362506
22074166_5,0.0011351166
8694848_4,0.0011324987
3622284_1,0.0011295055
5919103_4,0.0011206201
9442051_5,0.0011122943
24547927_1,0.0010977586
14216870_2,0.0010915491
1345879_2,0.0010774231
1276322_4,0.0010729872
980342_5,0.0010508862
12595876_5,0.0010317401
10179273_4,0.0010284983
6520341_4,0.0010211720
22979024_5,0.0010198159
21422162_3,0.0010171924
19938054_5,0.0009950418
22809338_3,0.0009901420
7039101_5,0.0009803312
14607274_1,0.0009749327
13314333_1,0.0009722549
2731040_4,0.0009660738
3750598_3,0.0009615649
1225999_4,0.0009591989
24265184_1,0.0009541331
22225443_5,0.0009498431
306879_5,0.0009467224
3014988_4,0.0009412979
5304958_4,0.0009206661
767911_4,0.0009197182
18617032_2,0.0009176541
28083329_1,0.0009173724
19130461_2,0.0009157903
7812244_4,0.0009104113
9276705_2,0.0009005911
29393703_1,0.0008975106
11643734_5,0.0008872421
7853175_1,0.0008863556
9113993_2,0.0008831468
23168629_5,0.0008822933
6344931_3,0.0008766483
8046587_4,0.0008737037
12800101_2,0.0008727545
21654399_3,0.0008721683
6766359_3,0.0008709910
1455461_3,0.0008706184
2380692_1,0.0008692056
13519239_4,0.0008687254
9378881_2,0.0008683790
11370893_1,0.0008656328
14976695_5,0.0008608743
375604_4,0.0008510892
1197742_4,0.0008478360
17354005_2,0.0008447878
22082947_3,0.0008334976
29245170_1,0.0008295891
23010449_1,0.0008290412
1855209_4,0.0008214053
1816235_4,0.0008138938
780330_4,0.0008034411
2493233_3,0.0008017832
17905314_5,0.0008011385
16220864_2,0.0007972615
10540491_2,0.0007954098
7989378_1,0.0007940715
1878249_4,0.0007940271
21802589_3,0.0007919624
10973737_3,0.0007822695
10197095_5,0.0007767135
26194161_1,0.0007746678
70503_5,0.0007692481
2536693_3,0.0007687032
18432352_5,0.0007551475
11016778_4,0.0007538822
251002_5,0.0007533771
203065_5,0.0007525388
400104_2,0.0007486639
6362048_5,0.0007419043
3198696_5,0.0007387381
13026926_1,0.0007358950
17375858_5,0.0007348501
22537803_5,0.0007245450
877832_3,0.0007243085
10676837_4,0.0007218390
17921900_5,0.0007216313
8174090_4,0.0007136646
15730236_1,0.0007102483
3354211_5,0.0007084681
2350289_4,0.0006984050
13670757_4,0.0006970699
6285091_1,0.0006932697
3123713_5,0.0006927198
7317889_4,0.0006861790
15081041_2,0.0006829952
24265859_1,0.0006810370
4280384_3,0.0006783035
7993580_2,0.0006727338
22933328_1,0.0006727309
15456243_5,0.0006692171
3181452_5,0.0006685449
10791975_5,0.0006679446
1949994_4,0.0006662877
22834274_5,0.0006636345
5758811_2,0.0006624016
1195040_4,0.0006618692
25639123_1,0.0006608872
7704673_5,0.0006513374
17908109_5,0.0006512424
1767028_1,0.0006506998
6388119_2,0.0006503676
2071488_3,0.0006501273
7885257_3,0.0006382581
5254006_4,0.0006371051
23131963_3,0.0006356617
456804_4,0.0006346439
13471263_1,0.0006334321
17917268_5,0.0006306216
18612788_1,0.0006264017
6037450_4,0.0006262799
19204067_2,0.0006255071
13090052_3,0.0006253537
18325293_5,0.0006252019
9900525_4,0.0006250240
10060506_5,0.0006248815
9239633_5,0.0006245853
21508747_1,0.0006232398
7580901_4,0.0006227006
12813666_3,0.0006196997
13641044_5,0.0006192033
18049829_5,0.0006187577
11241312_5,0.0006175314
13088584_3,0.0006169296
17225832_3,0.0006167997
4019521_2,0.0006130171
18460260_1,0.0006105620
18519433_3,0.0006081198
14466068_3,0.0006072479
24602057_1,0.0006064975
11298491_1,0.0006027802
30408907_1,0.0006020043
5589092_3,0.0005962451
9334257_3,0.0005956693
2507935_4,0.0005954840
17244530_5,0.0005917141
5602585_3,0.0005910546
19713338_3,0.0005850089
11026847_5,0.0005841727
10877358_1,0.0005839559
12668000_1,0.0005836557
18715390_5,0.0005828663
24213673_1,0.0005779580
6476493_4,0.0005753772
4973693_5,0.0005720996
11496466_4,0.0005705685
2537758_3,0.0005654225
6327065_3,0.0005611372
7859793_2,0.0005600338
4933378_3,0.0005593633
15539877_3,0.0005590493
7489772_5,0.0005583409
9033793_2,0.0005580375
9376353_4,0.0005563988
28676969_1,0.0005562006
3038859_2,0.0005556631
11197954_1,0.0005539947
9217565_3,0.0005500739
17256069_1,0.0005485819
15695719_5,0.0005484458
9979283_5,0.0005466773
23601105_1,0.0005463889
16314603_3,0.0005452795
24340376_1,0.0005441118
12325610_1,0.0005418877
23199395_5,0.0005413687
8284544_4,0.0005412051
24370475_1,0.0005407479
8732073_4,0.0005406249
10620126_4,0.0005354143
8311924_1,0.0005312412
13317020_3,0.0005291894
12210567_1,0.0005291805
18133372_5,0.0005251848
8207729_3,0.0005231630
9615623_3,0.0005215756
4637338_4,0.0005108738
17603252_2,0.0005105273
10463376_3,0.0005104462
9977231_4,0.0005082342
1246363_4,0.0005081162
13923374_3,0.0005069182
8344037_5,0.0005030476
14997404_1,0.0005026739
5487728_3,0.0005008855
22076367_3,0.0004991760
11202072_3,0.0004980704
19492173_3,0.0004970536
14523846_5,0.0004969198
19723241_3,0.0004964933
9060184_2,0.0004947172
15100128_4,0.0004944659
354734_1,0.0004925724
13758547_4,0.0004918846
7579922_3,0.0004918542
15610588_1,0.0004883594
4648782_4,0.0004883312
23090363_5,0.0004853783
8822979_4,0.0004853614
12288827_2,0.0004836211
13520262_1,0.0004814068
17140017_2,0.0004803645
16136213_5,0.0004777097
23112548_1,0.0004776880
5188074_1,0.0004772033
19022492_1,0.0004767037
15528209_5,0.0004718365
13657639_3,0.0004706429
8368054_1,0.0004699721
28515471_1,0.0004690204
23952061_5,0.0004670685
11559225_4,0.0004661988
13664761_3,0.0004650457
269620_5,0.0004640167
2371645_4,0.0004626487
2488575_4,0.0004620169
8297333_4,0.0004612673
11511070_1,0.0004592864
17447109_1,0.0004592312
8270753_4,0.0004589985
16644427_5,0.0004585665
7821471_5,0.0004581452
24858772_1,0.0004539044
10155397_3,0.0004524604
25508295_1,0.0004506489
9123298_1,0.0004492854
6531069_2,0.0004482701
24551816_1,0.0004466629
19763143_3,0.0004446816
4379688_5,0.0004440096
4369015_2,0.0004438209
19301228_2,0.0004438041
1160005_4,0.0004410997
23242557_5,0.0004394703
20078538_5,0.0004377379
13406607_4,0.0004371969
22576249_1,0.0004357546
1996667_4,0.0004352748
10390950_4,0.0004344536
16020163_1,0.0004339062
24567538_1,0.0004333173
13907484_5,0.0004322311
4346488_4,0.0004302899
7384444_4,0.0004277386
15804080_5,0.0004272492
130486_2,0.0004262605
15086580_5,0.0004210647
4621109_4,0.0004194538
23185606_1,0.0004173111
1183407_4,0.0004171196
9126843_3,0.0004162496
4843128_1,0.0004160640
10487496_1,0.0004142009
1642219_2,0.0004135804
4578737_3,0.0004130791
5513226_5,0.0004129124
15787141_3,0.0004114280
1746199_3,0.0004100196
4483348_2,0.0004090514
11221522_2,0.0004083194
3842528_2,0.0004081517
10668136_5,0.0004081365
17039530_1,0.0004075345
10883057_4,0.0004060512
17789134_4,0.0004052028
12323967_4,0.0004011596
22614072_1,0.0004009432
18284571_5,0.0004006108
19235234_2,0.0004000296
13977493_3,0.0003998515
16970101_1,0.0003994288
10593378_3,0.0003988609
3552906_3,0.0003980990
20987451_5,0.0003957156
15224469_5,0.0003954979
14081408_4,0.0003951851
25487486_1,0.0003935586
3141165_5,0.0003927237
2461592_4,0.0003904986
8221892_3,0.0003893728
7079532_2,0.0003887329
16549001_5,0.0003886627
19070305_1,0.0003886198
16990629_3,0.0003884478
11391628_3,0.0003880128
15617788_3,0.0003873996
15473385_3,0.0003855133
3231891_1,0.0003852563
22094861_1,0.0003849921
23431056_1,0.0003769205
11301241_3,0.0003765897
20619345_3,0.0003748492
9111817_3,0.0003746549
15028122_5,0.0003744944
15680729_4,0.0003731871
17464419_5,0.0003716641
6890563_2,0.0003697405
16235018_1,0.0003657338
20337621_3,0.0003653846
27086874_1,0.0003641686
8289989_4,0.0003625320
15402328_2,0.0003616182
9484498_4,0.0003614894
10833480_3,0.0003605169
5291010_4,0.0003585754
9609784_2,0.0003584589
12701530_3,0.0003573592
17225581_3,0.0003568018
22656520_3,0.0003567809
688214_2,0.0003566949
17206141_5,0.0003565407
23481521_1,0.0003565388
697049_2,0.0003561557
3562454_3,0.0003559288
10529534_2,0.0003558505
1957379_4,0.0003557211
15880525_3,0.0003554243
15979836_2,0.0003543898
10117371_5,0.0003539016
22222339_5,0.0003535922
28409835_1,0.0003535063
7121267_4,0.0003532631
6814164_3,0.0003531632
10358847_3,0.0003531338
19746802_5,0.0003501560
14467343_3,0.0003496674
20712638_3,0.0003489084
10606069_3,0.0003469155
6727149_2,0.0003465020
27027595_1,0.0003463225
15958529_3,0.0003462536
15538781_3,0.0003461622
7987074_3,0.0003443862
3513794_2,0.0003438359
26606692_5,0.0003430889
10615563_4,0.0003427891
15241727_5,0.0003419602
1229239_5,0.0003418041
17246103_5,0.0003387646
13689023_1,0.0003373901
11021724_3,0.0003360148
11302585_5,0.0003355639
23214527_1,0.0003350377
22493403_1,0.0003346096
14641353_5,0.0003341118
11497898_4,0.0003339462
17612750_2,0.0003336773
19463387_1,0.0003336506
13881034_3,0.0003332078
12906114_2,0.0003330986
10082962_5,0.0003329332
11815290_1,0.0003325249
10714980_3,0.0003320732
10505727_1,0.0003318177
16475904_3,0.0003316346
4270290_5,0.0003311852
12245482_5,0.0003310429
18589120_5,0.0003308009
14551743_3,0.0003300685
5393653_4,0.0003297712
5346727_4,0.0003287923
4123962_3,0.0003286267
8765384_1,0.0003282654
23149047_1,0.0003273775
10007503_4,0.0003267795
1340672_2,0.0003265777
24040908_1,0.0003256807
5812254_4,0.0003253820
10748823_3,0.0003250869
4413753_2,0.0003248635
30284189_1,0.0003236591
8283287_1,0.0003228087
6295806_5,0.0003215083
4495434_4,0.0003211280
16392588_4,0.0003210429
14164589_4,0.0003204677
17620552_2,0.0003194622
22399265_5,0.0003194282
9331552_4,0.0003193416
23320550_3,0.0003191940
17973348_5,0.0003177645
2670330_4,0.0003177500
16387639_2,0.0003175265
23163349_5,0.0003175042
11157043_1,0.0003174605
3209160_1,0.0003169606
9226057_3,0.0003167221
22760657_3,0.0003164035
6869916_5,0.0003147404
10497085_5,0.0003139875
353886_5,0.0003139774
8490537_1,0.0003137208
4288947_3,0.0003118023
1644101_2,0.0003103851
7195664_2,0.0003102063
24051518_5,0.0003100476
21316384_1,0.0003094904
14480247_1,0.0003093585
12053144_1,0.0003089841
28917933_1,0.0003087091
1762804_5,0.0003083033
4765409_4,0.0003078607
6270912_1,0.0003061479
22886784_3,0.0003049912
12166295_3,0.0003043303
13034628_3,0.0003041310
11285928_3,0.0003034870
22823730_1,0.0003018052
4154116_4,0.0003015880
9183666_4,0.0003007475
6013994_4,0.0003004585
3191319_1,0.0003002945
22336566_5,0.0003002254
12895835_3,0.0002996308
23705284_1,0.0002992064
14672564_5,0.0002972549
15737778_3,0.0002960442
15707776_5,0.0002951527
17465987_5,0.0002949880
9552020_4,0.0002946080
15729028_1,0.0002943887
16164898_3,0.0002941958
26142497_1,0.0002928997
1806000_4,0.0002928418
22561400_1,0.0002927771
10622037_4,0.0002924041
20565427_1,0.0002922808
14101954_5,0.0002901144
26264357_5,0.0002897257
10263373_2,0.0002897097
11342178_1,0.0002880644
3507757_3,0.0002876870
16273381_5,0.0002868207
18526453_4,0.0002867187
6421513_2,0.0002866728
18228202_5,0.0002857475
17278684_3,0.0002856601
10890422_4,0.0002856289
14943114_1,0.0002852294
9452523_2,0.0002847711
15872792_1,0.0002845669
15017208_3,0.0002840558
1342261_5,0.0002833857
8595394_2,0.0002830589
6157509_4,0.0002819915
23205014_5,0.0002817890
19835674_1,0.0002796551
24962057_1,0.0002792079
22565987_5,0.0002791001
787781_4,0.0002783215
7025334_5,0.0002779454
21997094_1,0.0002779267
17003857_5,0.0002774762
364861_2,0.0002772541
16507379_4,0.0002768599
19460980_5,0.0002765724
21154955_1,0.0002753387
15266587_5,0.0002752916
17908074_3,0.0002745762
15502283_5,0.0002735205
11276081_4,0.0002733658
865167_4,0.0002732727
23420541_5,0.0002726719
13649998_4,0.0002723688
13829830_4,0.0002720842
6423811_4,0.0002718226
16721879_3,0.0002716881
3692238_2,0.0002712445
11010109_1,0.0002692365
19649174_5,0.0002679054
11319301_2,0.0002676928
24326038_1,0.0002675569
22818388_1,0.0002673953
10351718_2,0.0002665203
26031462_1,0.0002661311
6022603_5,0.0002656743
14198317_5,0.0002656481
6371777_4,0.0002656180
582906_3,0.0002651703
8004376_1,0.0002651508
24424686_1,0.0002643613
7991060_2,0.0002635373
13582026_4,0.0002632253
18779377_5,0.0002632162
25313926_1,0.0002631258
16751685_4,0.0002628487
10736220_4,0.0002625060
14475792_3,0.0002619826
20357405_5,0.0002616030
1344929_2,0.0002611281
21850885_1,0.0002601630
17814036_2,0.0002599563
23980604_5,0.0002599393
16718436_3,0.0002593673
7847512_4,0.0002592503
22980238_3,0.0002589889
20061049_1,0.0002579751
11038110_4,0.0002579636
15169047_2,0.0002574690
249050_4,0.0002571621
16648270_3,0.0002568172
5690957_2,0.0002549711
10744362_5,0.0002530434
2879384_1,0.0002523344
550155_4,0.0002513385
12592336_2,0.0002504752
6229588_4,0.0002495074
12841392_3,0.0002494297
21316046_5,0.0002489684
9547074_4,0.0002488602
16890631_3,0.0002480908
23501720_1,0.0002480469
29381022_1,0.0002475830
18785669_5,0.0002474389
3337999_4,0.0002470999
22287703_5,0.0002454874
5756429_2,0.0002453213
2590829_2,0.0002449655
16729734_3,0.0002438863
13017707_5,0.0002437252
17462828_5,0.0002434697
5449483_4,0.0002431377
13343951_3,0.0002418430
15532495_1,0.0002410229
13829766_2,0.0002404444
17610343_3,0.0002403850
11195070_1,0.0002400717
23184664_5,0.0002400683
7233906_4,0.0002388569
18850840_5,0.0002387883
8133778_5,0.0002384180
1693283_2,0.0002382943
2649736_4,0.0002381636
545539_4,0.0002381512
9446216_2,0.0002371774
10241595_4,0.0002369306
12970238_3,0.0002367785
22964437_3,0.0002357137
8901353_4,0.0002354103
18292388_5,0.0002351118
11959060_1,0.0002346861
13951266_3,0.0002346612
1523420_2,0.0002337733
21692487_1,0.0002332166
8008158_4,0.0002329332
986573_2,0.0002325632
14074084_5,0.0002324745
12691390_5,0.0002324526
14601458_1,0.0002324070
12181306_1,0.0002320426
4261024_3,0.0002312974
1722245_3,0.0002310594
9608626_1,0.0002309655
17342730_2,0.0002300736
5001921_1,0.0002299677
3775138_3,0.0002294341
15054478_1,0.0002293759
17231547_3,0.0002293369
22952834_1,0.0002292106
8480481_1,0.0002289252
17752739_5,0.0002289011
9499619_4,0.0002281711
4490300_4,0.0002278839
13637640_3,0.0002278283
15764473_4,0.0002274062
17096676_1,0.0002265863
7033474_5,0.0002265620
18530287_5,0.0002264135
13085792_3,0.0002260987
18317356_5,0.0002260172
3733492_1,0.0002258319
23135817_1,0.0002252062
13220874_1,0.0002249834
16144524_3,0.0002249016
6174497_4,0.0002239862
16061496_3,0.0002239050
10853899_4,0.0002237669
15696154_5,0.0002228713
11109578_4,0.0002228128
17790649_3,0.0002218042
25636641_1,0.0002217774
7385255_2,0.0002214457
2881668_3,0.0002213773
1441225_1,0.0002212646
9117535_3,0.0002204032
1930841_1,0.0002200919
27424218_1,0.0002195355
26226151_1,0.0002190867
10489205_1,0.0002190725
8700751_5,0.0002190461
20076656_5,0.0002190376
4733091_3,0.0002190352
340534_2,0.0002176563
1441078_4,0.0002174439
5317214_5,0.0002171841
4500199_4,0.0002169581
22869999_1,0.0002166430
7703877_5,0.0002165856
13664691_4,0.0002161060
6499612_1,0.0002160355
27333487_1,0.0002156223
18038249_5,0.0002156157
3927929_5,0.0002154748
7757146_4,0.0002153954
17568967_2,0.0002144191
15415774_1,0.0002142417
14647016_3,0.0002140322
4216822_5,0.0002137343
13375816_3,0.0002133903
16029081_5,0.0002133727
1638797_4,0.0002129487
8002324_4,0.0002126785
19251529_2,0.0002121997
13024686_1,0.0002114690
10266825_1,0.0002113918
17187870_1,0.0002112825
17214614_3,0.0002109301
22688169_1,0.0002109001
2325347_1,0.0002107818
5687427_3,0.0002106886
7193117_4,0.0002106471
2003984_2,0.0002105719
24876931_1,0.0002105420
6707150_2,0.0002102087
9831468_3,0.0002100745
25094254_1,0.0002099774
16428533_5,0.0002089526
4703864_2,0.0002083694
15056133_1,0.0002080681
19810204_3,0.0002080189
5074790_3,0.0002077945
22947305_1,0.0002074455
12352234_5,0.0002074232
14047770_4,0.0002074221
5643638_5,0.0002072792
17124120_5,0.0002066723
5755092_2,0.0002058786
25468801_5,0.0002056344
15280123_5,0.0002054287
1028632_1,0.0002052926
19938275_3,0.0002052646
8263223_4,0.0002051985
5561060_3,0.0002050393
5457058_1,0.0002044121
8420268_4,0.0002041775
24746230_1,0.0002041684
13974760_3,0.0002038711
13241834_3,0.0002036183
16988298_1,0.0002033601
18154285_5,0.0002024060
21939103_3,0.0002023725
9808182_2,0.0002018101
12753770_3,0.0002013438
21894076_1,0.0002011464
17379494_5,0.0002010008
478029_2,0.0002008154
8177365_1,0.0002006241
3456449_3,0.0002006094
17259412_1,0.0002005401
16920251_3,0.0002001017
12438520_1,0.0001998382
14603894_3,0.0001997765
22704890_1,0.0001996545
16278879_1,0.0001992453
15268165_5,0.0001988298
13271146_3,0.0001984762
15052183_5,0.0001980569
9114051_3,0.0001979855
11910919_1,0.0001977356
18627668_5,0.0001977303
24956674_5,0.0001976648
17026899_1,0.0001975736
5649964_2,0.0001974934
13323164_3,0.0001974716
10171254_4,0.0001967383
12749372_5,0.0001967083
5953242_5,0.0001963816
17275479_1,0.0001962723
4857817_2,0.0001957838
19879711_1,0.0001950733
9412590_1,0.0001949741
6988141_3,0.0001949491
22780214_1,0.0001948290
12807534_3,0.0001948144
12496398_3,0.0001946296
11582103_1,0.0001943566
10082644_5,0.0001943259
5388952_1,0.0001942435
11755512_5,0.0001936413
17576908_1,0.0001934976
14296007_3,0.0001934912
15687936_1,0.0001934903
19034819_2,0.0001933828
19719787_5,0.0001932916
13161527_1,0.0001930392
10650635_3,0.0001928007
18872187_3,0.0001923969
9481310_1,0.0001923745
18125165_1,0.0001923649
15429654_1,0.0001923458
15990832_2,0.0001923146
12350921_5,0.0001922579
1816708_3,0.0001921789
16994826_1,0.0001919862
22048627_3,0.0001919136
10082121_2,0.0001918734
7032484_5,0.0001917950
9456247_4,0.0001917448
561593_4,0.0001917365
23500755_1,0.0001914575
13016340_2,0.0001914212
15879678_3,0.0001914081
26101801_5,0.0001912727
11935824_3,0.0001906316
14115280_5,0.0001905896
5728143_4,0.0001904779
12528886_2,0.0001903237
12137229_4,0.0001901877
9454712_4,0.0001901854
17821548_5,0.0001897953
9625382_3,0.0001897815
22045859_3,0.0001897211
19717484_5,0.0001896808
23441266_1,0.0001895388
17467818_5,0.0001894020
16315647_2,0.0001891577
22630831_5,0.0001890676
4624504_2,0.0001887885
14543836_5,0.0001885336
1067569_3,0.0001884677
7758296_3,0.0001884359
19462673_1,0.0001879777
11737243_4,0.0001879359
10536659_2,0.0001878153
11355541_4,0.0001877026
1892038_4,0.0001876783
13896478_5,0.0001876662
9818311_1,0.0001876618
20972533_5,0.0001876122
11678743_1,0.0001874439
17580863_5,0.0001873741
3579550_2,0.0001873194
173859_2,0.0001870319
22961666_1,0.0001869786
14555477_4,0.0001868007
23812777_1,0.0001867601
13617095_4,0.0001865967
9806455_3,0.0001862720
2341538_1,0.0001862476
13168322_4,0.0001858113
18774556_5,0.0001857692
16416836_3,0.0001856079
12212856_1,0.0001855739
22729863_1,0.0001853560
16514853_5,0.0001852967
22454324_3,0.0001852485
21353315_1,0.0001850212
3222111_2,0.0001849067
3682823_4,0.0001848529
18406648_4,0.0001848079
12606960_3,0.0001846266
11216042_1,0.0001846003
5453287_3,0.0001844832
20224782_1,0.0001844772
4076456_2,0.0001843653
19766748_5,0.0001843326
12695368_4,0.0001840729
2101705_3,0.0001840706
15576568_1,0.0001840472
17195398_5,0.0001839748
15303099_5,0.0001837503
9023379_2,0.0001835943
4421404_1,0.0001835006
677290_4,0.0001834465
6213729_4,0.0001834122
11681822_1,0.0001833263
14809327_5,0.0001829463
20441278_5,0.0001826742
24291776_1,0.0001825591
10420583_4,0.0001824958
5221104_4,0.0001824804
22072779_1,0.0001824579
17999843_3,0.0001824504
10611875_3,0.0001823783
1027897_3,0.0001820476
8623095_4,0.0001820304
16553251_3,0.0001819292
18803084_3,0.0001819010
12058088_5,0.0001818830
12350501_1,0.0001818724
9651243_5,0.0001816994
19442886_1,0.0001816903
13018250_5,0.0001815703
4519473_4,0.0001813570
18609424_5,0.0001812693
6411743_3,0.0001812569
13359434_3,0.0001812362
13597577_1,0.0001812300
16935386_1,0.0001811692
19062273_2,0.0001811615
19331979_5,0.0001809749
18719317_1,0.0001807961
17941040_5,0.0001806836
5686881_2,0.0001805184
15408835_5,0.0001804782
