sim15,sim16,sim17,sim18,sim19,sim20,sim21,sim22
11388092_3,497852_2,15954755_1,9220155_5,7072564_1,3197158_5,7001065_3,15952580_5
8275647_3,12656924_3,7773043_1,1552442_4,17978368_2,19669910_3,9257019_1,9440002_2
5691287_5,15778929_5,9779137_2,26920930_1,12426848_3,22550859_1,6936340_2,19525285_5
16355833_3,6230023_5,16601551_5,952605_5,3519723_2,17946270_3,2151277_2,8993668_5
18221353_5,11683214_4,17287220_3,15739177_1,8302588_1,13057244_1,9336209_5,2702248_2
5774758_2,528214_5,9729288_5,8866111_3,4667582_3,4056808_3,16709549_3,8833256_5
7238096_1,3460981_4,1018322_3,13326015_1,820256_4,17566695_5,4706027_3,17332323_1
19818464_1,9652468_4,6012069_1,17383038_5,12740124_3,4138125_3,28494391_1,7403253_1
17418123_3,13803617_4,2364916_2,26993822_1,10752086_4,4234645_4,1982791_2,22378541_3
14908719_5,18186795_1,12235391_3,865789_4,21692953_5,1509997_4,13538184_5,9337986_2
13265481_3,8959560_3,10153943_3,9651243_5,15677304_3,11910919_1,16412447_5,26158343_1
1440054_1,16213249_4,6018742_5,17428599_5,21603047_1,6261031_2,4466134_4,11326312_4
6378572_2,15747881_1,24661463_1,16763273_2,7773043_1,10614370_3,39441_2,22829492_5
7288484_3,15779055_5,19516451_1,10586451_3,10505329_5,3826796_4,14588377_1,26102687_1
21685880_1,21395384_1,2376098_4,5876537_1,6018742_5,11652897_4,16932794_3,12737538_4
28259386_1,16939836_2,10764280_3,3593917_5,10791924_1,24104845_1,16887834_5,1953195_1
15813532_5,20640378_5,12307891_5,11640643_4,5692658_1,10151739_4,12798593_3,14965995_3
20976440_5,3841254_5,5909172_2,15582800_1,9621850_3,16844610_2,26830973_5,11025655_4
6220598_4,13247459_1,19508615_3,602543_2,10525576_4,5100962_4,9712892_5,8386600_3
16462785_1,5190803_2,4996747_4,17621247_2,5845875_2,19767750_1,4680996_2,23795231_1
9208138_2,20065828_1,24016097_5,18793807_1,13817476_5,22174141_5,16056708_1,3189831_5
6143297_1,16912085_1,20061975_1,8959560_3,5023309_4,6021552_2,1745975_4,9326218_1
25760042_1,20342797_3,587574_5,13151142_3,12768085_3,13057379_3,7216352_4,4857188_5
10621350_4,11435435_4,9219766_3,10038269_2,19508615_3,17392828_2,12338521_1,11774944_3
2833238_4,13886771_4,22272795_1,23099775_1,13927864_4,24162544_5,18943897_3,16632612_3
6006613_4,26966490_1,6507653_4,284187_1,271634_5,8599193_2,6878668_4,12399903_3
9312661_2,28509699_1,17579391_5,21993029_1,13675184_4,13634784_1,13277208_3,22589810_5
23243146_3,18388328_5,1894391_1,21242802_3,19186979_3,13144366_5,11706469_1,15582498_5
10579291_2,14323148_2,5355708_1,5008106_5,4499194_2,15066792_4,16038862_5,16844610_2
2530076_2,15508903_5,1117658_4,4293286_3,6786519_3,8367417_2,7005191_2,15129526_5
7898588_4,19375301_1,20237178_5,19647262_5,8931415_1,4404167_4,12270491_3,9100643_3
17356834_4,14557595_3,8466929_3,9409977_5,1767951_2,26252503_5,16246934_1,20632369_5
549685_4,10972412_3,6676959_3,24568024_5,19536492_3,1853175_4,15071204_3,3294892_1
2915863_1,27116914_1,14067380_5,21945147_1,13180527_5,6073728_4,20692889_3,14836834_3
3513794_2,22735257_1,18920068_1,19500980_3,13117232_3,4612717_4,9259178_4,9353483_4
17171357_2,1572891_5,17606525_4,15922562_2,14254494_5,1552791_1,1483470_2,8753978_4
7994527_5,12749673_4,12740851_3,7904240_1,12162010_3,9343946_5,2197636_2,16178259_1
1387471_2,11474268_4,16247914_5,22605024_5,8892361_4,27860345_1,20694883_3,14971821_2
5052910_1,11996280_5,18347253_5,10581504_5,16919135_5,2146611_4,10222196_1,16912085_1
13583767_1,22840211_1,13592917_5,13412174_1,16925329_1,9337986_2,16035723_1,7225985_3
16961588_3,19382058_5,4592707_1,8485798_5,5244837_2,2097048_4,27422279_1,11457717_3
25581190_1,15543995_2,21525905_3,11427216_3,25581190_1,8449165_1,3111977_3,21379374_1
11731109_2,19552244_3,1485932_5,19772883_3,5573612_5,27378023_1,10756347_5,9248951_5
12771374_5,289477_2,10031757_2,6819525_4,11258809_3,15791844_5,21257050_1,8892361_4
16829618_1,10140681_2,14057131_5,14926738_1,20897777_5,5554083_1,5263304_3,30255797_1
11485439_1,9919271_1,18773470_5,20254286_3,9645510_3,4618363_2,14397838_4,8560581_2
21157148_1,16964509_1,12162724_1,21064582_5,17565983_1,16160452_5,8081581_3,25746060_1
5013132_4,22374069_1,1193505_2,1616460_3,21852435_5,18497291_5,3212201_1,22519565_1
8576766_5,4431540_5,10578141_5,1509997_4,15515837_1,17390220_1,2731424_1,10505329_5
285609_4,7647284_4,12152621_4,10393637_3,17079236_3,11485439_1,10504509_2,5487262_3
17139939_3,16063429_1,22902208_1,12736086_1,497784_5,12866761_1,21707706_1,13717488_4
6904774_4,20153964_1,26053952_1,10151416_2,18203790_2,4199412_5,2322321_1,13225270_1
22598749_5,7501698_5,10898083_3,7077423_4,10961108_3,9259178_4,21947646_5,6611265_2
21068785_5,8232113_1,1546131_2,8226393_1,13144366_5,6051163_1,472802_4,22805842_1
5054514_2,1775495_1,13856400_4,17680332_5,23994439_5,9783105_4,18656557_3,22428043_1
17305488_3,23905673_1,11241129_1,11481836_1,5878271_2,4361890_2,2097048_4,7699291_1
10253337_3,10994717_1,18286681_2,654027_4,4274003_2,24969790_5,19303679_5,5536298_2
17336929_4,10004411_4,3822104_3,5052910_1,19254884_5,10545513_3,16325241_3,1747572_5
9002189_5,1831496_4,10326801_4,21346874_5,17620612_3,16999296_1,11361649_2,1439052_3
16289557_2,580315_5,24534477_1,2685687_2,18463565_1,25306377_1,18463215_2,23126702_1
10291943_3,11966262_1,11649619_4,8757427_3,7727474_1,5485816_3,4346950_1,15503066_5
9919271_1,21937767_1,17866796_5,20398954_3,14899656_3,17468311_4,1478004_4,7725329_1
3631659_3,16427945_3,22438101_1,8208899_3,17074154_2,3879975_2,2909674_5,11777351_2
16672728_5,1917601_2,12244976_5,21192453_1,13152474_2,8848164_5,729157_4,18170392_5
27532543_1,8993668_5,10183563_3,9122583_5,8291855_4,14051719_1,21171672_5,14302296_3
26080658_1,8941252_5,18585682_3,6913259_1,15132625_2,7388853_5,5561060_3,2364916_2
10334300_4,5541763_4,3903392_1,22223052_5,12971487_2,3195206_4,11105221_1,12406105_5
10142997_5,21814314_5,11164285_5,24101770_1,12292554_2,19755997_5,13380813_5,19060387_2
4427081_2,26242887_1,3787935_5,8967766_3,16986927_3,19429887_1,7791916_4,13700907_5
16780585_3,2772969_4,18276980_3,8874155_5,1773881_4,4220145_4,27776748_1,1636614_1
6894882_2,10262322_3,10621275_4,8554603_5,6696577_3,9227767_1,16419639_1,17144486_3
27914532_1,13080194_3,9376795_1,18970939_2,25613557_1,5288314_3,11445270_5,4391709_1
15508903_5,14933486_5,15949977_2,12081585_1,23199420_1,14590958_4,5836216_2,12454205_2
13989180_5,22354426_5,5806611_2,16309140_3,1203790_2,16020087_5,5101569_2,14628108_4
21620459_1,28433239_1,27728272_1,7504322_3,1027564_2,15873043_1,15020919_5,7643775_4
14069692_4,18966311_1,11427216_3,16899731_1,16338780_5,17361373_1,2498629_2,2283673_4
1747572_5,7533700_4,5317399_1,24202511_5,4086872_2,10306374_2,12748930_5,10977701_5
14592717_4,13363212_3,17791472_5,11501014_5,17584501_1,17303784_3,6611265_2,18963952_3
7235517_2,2967498_2,149442_4,2406288_1,10613389_4,10662047_5,2509215_4,929553_4
8060451_3,13318111_3,22007143_1,24928187_5,18756990_3,10435864_2,2201187_2,8913454_4
13171078_4,1945340_1,19568830_5,413440_3,19953425_5,5358523_4,23368409_1,23371164_1
2311077_4,7043893_4,4904143_4,8272440_4,21739129_1,19239123_1,15079352_4,6285456_2
23268582_5,3755347_3,22391635_1,22096942_1,10545513_3,8665036_4,11807529_5,28523264_1
24504345_5,20259221_5,29467146_1,1291651_5,4032583_2,2331082_4,16935386_1,16626424_5
6526895_1,25332338_5,10141311_3,16227348_3,15069045_3,11396234_5,4461925_3,24813767_1
16180310_3,16423680_1,6356146_3,12023379_5,18235826_4,15658987_5,9820159_4,5757117_2
9205235_3,13343881_2,6555174_2,15517620_5,15801551_2,8876939_2,1445867_4,18063839_5
18149868_5,208388_4,7095546_1,14744264_3,13200874_3,17088830_3,2799512_4,9105626_3
3286267_3,19714501_3,8145475_2,14627748_5,13336465_1,18018477_1,8383601_2,7834078_1
2739972_4,7659906_5,3619952_4,4400877_4,6822381_5,5485497_1,18063839_5,14052688_1
3998766_1,2604571_2,21399397_1,18558699_5,28133733_1,13230341_1,15394544_5,12792828_2
23134949_1,17952737_5,7994527_5,6816054_4,8833256_5,7667870_2,17131779_3,4880835_4
10326801_4,6763977_2,9016079_3,18177528_2,569887_5,16649602_3,1795663_5,13088402_5
4090027_2,2172097_5,8294932_1,2498629_2,8716191_5,13566770_4,22250464_1,10613389_4
16691721_4,7936440_5,6138166_1,16557453_3,14337295_3,10810427_4,17991362_5,415413_2
25913523_1,4613145_5,16727874_1,24625895_1,5939022_3,13209514_1,10144584_4,14252718_3
2807630_3,8088947_1,1042822_5,2825207_5,12034258_1,13090961_4,17588069_5,9170412_2
3378184_5,24833484_1,4915553_4,1174716_2,3463394_3,10397793_4,7429324_1,25066267_5
18342923_5,8352726_1,23892735_5,16907894_1,2870782_4,9978633_5,5697749_1,25616198_1
24722313_1,13942013_2,21584123_3,9995199_5,5837165_4,9412945_5,20948818_3,12512394_2
3981401_2,20504568_1,10368251_5,5755543_5,4817094_4,17412399_2,24163646_1,7786985_4
8030704_2,13326119_3,19540918_3,7752405_1,5507401_4,15830379_3,7615316_5,10393637_3
652707_4,6611607_2,1597217_3,6515070_3,5866366_4,22645403_3,3559251_2,16055282_3
16651865_3,12893161_2,26715506_5,18206809_2,16010819_3,16605651_3,11484243_1,616986_5
9506651_3,4919246_3,16626424_5,9040791_4,5144938_2,7410917_5,10384952_3,577673_5
14188919_5,5439399_4,20679988_1,7669516_4,6511778_4,16202828_2,24962078_1,7922098_5
15488820_1,16604299_1,10800429_2,645073_1,17429293_1,15757629_1,5467851_4,159316_5
20013176_3,12466590_2,4880835_4,2520643_4,12649216_1,5616607_3,14389134_3,28104321_1
25932173_1,13102739_1,15374959_5,3156264_1,10049523_5,6138547_1,26433183_5,15109004_5
7961557_4,1027897_3,5684589_2,7944914_5,8876939_2,6510279_4,11227643_1,5009819_4
5805246_4,24629969_1,14922133_1,12531662_3,22010484_1,19503931_2,9319543_2,13589997_4
23749715_1,10798246_3,12981614_1,14241392_5,8809605_5,320018_5,18733006_3,4090027_2
15634801_4,16299100_2,9084622_1,17662194_5,26324533_1,15353398_2,11322939_2,13692537_2
13363424_3,2576780_3,3428135_1,19496357_3,7473432_5,18602777_5,2812190_5,10557028_2
2220715_2,17562249_2,3790705_5,8850355_4,3676325_2,5762849_1,2380965_2,3151089_2
17827256_5,5495139_5,12385147_3,19219703_1,6217656_3,10872296_4,13868316_5,15803082_2
26242887_1,9535341_4,10501716_4,2543384_3,6811971_5,8085371_1,7666018_4,15018507_3
16309140_3,4217502_4,13209783_4,7633184_2,1300583_4,11685949_4,21814674_5,7936440_5
2302485_4,16069567_1,21930918_1,3452835_3,12157779_4,12660912_2,8033576_5,22423574_5
12949235_5,11320015_2,13451464_5,24879711_5,18035123_3,23144472_1,21244210_1,8895405_2
9544891_3,2372873_4,4124220_4,2139174_1,17621667_5,5439399_4,8827790_2,5259523_4
17580566_5,15357131_5,14198358_2,13125196_1,18845215_1,18513223_2,8137149_4,15701388_2
14697454_3,10023244_1,7486946_5,16310601_5,11867985_2,11463071_5,5766089_2,10062856_2
12241707_3,15848612_3,49227_4,16649214_3,13054742_5,14970684_4,22701277_3,7655824_4
5054180_5,20539162_3,12940293_5,8940892_5,6009548_3,13065557_3,8539521_4,21211505_3
17626402_5,27914532_1,14466350_1,13825252_5,15711559_1,23698078_1,23436645_1,10037269_5
502142_3,3044196_1,17292108_1,14263839_4,11475172_1,19731022_5,1372694_2,6655937_1
23261687_1,4469483_2,17524301_5,16350589_3,7370069_1,13326015_1,13791103_2,14261547_5
9475913_5,23892735_5,20723220_1,3570962_4,18294224_3,13308295_1,1588009_2,11421910_3
13825252_5,18695594_3,16022177_3,21909794_3,8226393_1,21219585_1,10380774_1,17122054_3
11559236_2,13038372_2,10316276_3,23521503_5,17520766_5,5898625_3,13236317_1,1750168_4
11979859_3,403126_2,7328352_4,22598749_5,1757089_4,23878976_1,1827735_4,12584676_3
6655937_1,30067803_1,7993245_2,15234677_5,4217502_4,22672844_5,13680974_2,9753621_5
528214_5,12779947_5,16079296_4,8790135_5,10461229_5,10479914_4,20065828_1,602543_2
9612421_5,19358239_3,13308295_1,3836825_5,11423890_2,6071422_5,21068995_3,12422017_3
6399867_2,4242429_5,21428967_5,30238312_1,1457497_4,16265600_3,11872060_4,21110107_5
1445867_4,1302704_1,20504568_1,9503031_2,3325185_3,26242887_1,563522_2,2404559_4
15618361_4,3063497_2,22601109_3,14563864_4,16108053_3,3120392_2,18174455_4,23073726_1
17188485_1,17418120_2,4651799_2,17668530_3,13619364_3,10403149_2,12151386_2,6295793_4
17833995_1,15234677_5,6265947_1,9185697_2,1090449_4,4509000_3,1607730_2,12584796_3
17588719_3,21700601_1,10973850_3,18728724_3,403662_4,11159973_1,20756653_3,18558699_5
2773683_5,17558603_1,14250932_4,4597529_2,6160847_3,2190332_2,24008135_5,6323040_2
16171932_1,9481967_1,25420212_5,6507360_4,23501879_1,1362437_3,16235018_1,18247258_3
5187866_1,6937052_2,18702629_2,18664765_5,13005663_1,328998_2,8478957_5,25505533_1
11143111_4,9922764_5,15841356_2,10582822_2,13222819_2,5263304_3,15297472_3,7885535_5
6459240_4,17946270_3,16586567_1,9481582_2,5681315_4,6148918_4,11259478_1,12950467_3
8177668_1,1616632_5,21639248_3,7201852_4,16894741_5,11762081_3,9423357_4,564476_1
5517414_3,26922046_5,4993188_4,4522392_4,8594088_2,7816024_1,416711_1,18859316_3
9033017_2,320018_5,13005886_1,25306377_1,16939836_2,5849440_4,23320550_3,23915507_5
16632077_1,19856640_3,23353786_3,3839053_3,11857804_4,10296165_2,16814174_3,6657646_2
1656042_5,8293156_4,1239038_1,18596168_5,4989510_2,4306981_2,11484698_2,21871343_3
9975365_3,13101482_3,10132282_5,5013132_4,15054012_3,9747528_1,13319560_3,23316606_1
15141271_5,24231168_1,10691337_4,16154018_1,22607085_1,11355541_4,8881847_4,6075400_1
1489801_5,9974867_3,21428827_3,30172001_1,9684660_5,13886112_3,2202590_2,26612392_1
3155440_2,13377999_1,12013109_1,11325356_4,22744097_5,27545015_1,6736013_5,15121610_3
13637640_3,4504188_2,24872075_1,2199714_4,22596064_1,16228296_3,11624640_5,19293566_2
9957870_5,9494115_3,15920216_3,17526588_3,6964406_2,16347713_1,16052745_1,7255763_1
10508784_4,24007404_1,1528019_1,10826477_2,3083720_2,2048280_4,13049538_1,6903906_4
22850104_1,11830411_4,19525285_5,15370427_2,16394928_4,8005963_4,8427224_2,13080194_3
26405817_5,7947388_4,6228260_4,1979539_4,17871098_5,21965551_1,16576601_3,8716047_5
15167438_5,6153633_1,13361032_4,6022603_5,5640295_3,11258809_3,8232113_1,9250504_1
2923619_2,16732930_3,17830074_4,5980300_4,7424048_2,9381118_1,2574227_4,9205235_3
22221278_3,10220068_5,11385994_4,9307939_2,25067968_5,9656141_4,16882910_5,17429397_3
13852100_1,22117706_5,26765580_1,11967364_3,17320330_1,4188446_5,9190066_4,7741209_1
26158343_1,693194_4,4196659_2,12416761_1,19883636_3,15187565_5,16868851_3,15333342_4
11124336_4,16763884_4,1522288_3,19536492_3,7536522_5,14239943_5,9638495_5,8122172_3
24213495_1,15896412_4,2706326_3,17766394_1,3760347_1,11442072_3,8088947_1,16097703_5
2576780_3,2698033_1,10255929_4,16263407_2,6022603_5,13357694_5,28706941_1,10598892_1
27440462_1,13126191_3,5646955_2,11283847_5,14056186_5,7896303_1,16022177_3,13051940_3
21395229_1,4234177_4,9889650_5,286496_5,14477486_3,7070802_1,16670527_5,16883905_1
18154285_5,439650_2,2909414_4,15177853_5,2952536_2,16244731_1,19504148_5,11485439_1
10562063_4,6515070_3,8411378_4,11313443_5,4840516_2,8732612_2,12136805_4,21368435_5
9274961_5,18539986_4,13559181_2,1074380_1,15658987_5,17286162_2,22098716_1,12004189_4
13480288_1,15790150_2,10978533_5,2512216_3,3189831_5,16091103_1,2663556_4,26442318_5
7066147_4,21507240_5,29680673_1,26002343_1,23731681_1,21068785_5,5985725_3,2107675_2
21054400_1,15865896_3,16356915_2,2698033_1,13528317_2,1372694_2,4198684_2,15426283_5
957321_3,21894629_3,12840486_2,14610595_3,9359707_4,17288932_5,16527021_4,8170825_5
12499323_1,14663392_3,19576058_1,18228534_2,12772829_4,16153301_3,16384455_5,23084576_5
16378000_4,8517962_3,860022_3,10278822_2,20209795_1,22605024_5,9436787_2,8870894_2
22001513_5,15730936_1,6958965_2,3753830_1,14555477_4,21949509_1,18805654_1,924175_2
6714811_2,23462096_1,13231785_5,23795231_1,14593835_3,15747881_1,8277080_5,16435295_5
24284075_1,7175915_5,10008115_1,24280690_5,10046931_2,15532455_3,15060758_3,13634224_5
19385747_3,17407675_1,8259101_2,19604926_2,26717770_1,4415799_3,17501133_3,29197029_1
4980574_4,13871079_5,761588_4,3071297_4,18773093_3,11062277_1,4032583_2,7008700_2
9739590_3,21328150_1,13259101_1,18423427_5,16106251_5,10792021_3,11350531_3,6114683_2
3581093_3,11805498_1,1366912_2,18027168_3,439650_2,15633198_3,9119960_2,10610434_5
9406593_1,7046275_5,16932794_3,22607085_1,6137446_3,6274678_2,18595424_5,4964686_1
18590170_3,11089171_2,16107229_5,3575852_3,26719773_5,15640331_5,10898083_3,7201852_4
23901230_5,10868436_2,4345857_2,24841645_1,2608227_4,16644825_5,11317402_1,8485798_5
22946581_1,1303740_1,11663067_2,12799065_2,21945147_1,10962537_3,1769477_1,16626706_3
5098793_4,5824023_2,12106154_3,3598666_3,11828684_1,12166481_4,5110942_3,11532398_3
1562581_4,15292183_3,6732894_4,15490602_5,10877989_4,2777270_4,8406343_5,961375_4
1339687_2,20129852_5,23709844_1,21787482_3,19823719_1,11089268_5,10641619_4,12543457_1
11042645_5,11590268_3,12208283_1,12587536_3,9039082_4,10946128_1,18205067_2,26040134_5
18768488_5,3684595_4,3082641_1,10090613_4,16020087_5,21814674_5,7155260_2,16488095_5
13705151_5,13496383_5,15019836_4,7915582_1,16593492_3,12167474_2,14563755_4,842013_5
12207567_5,11026716_4,3871727_1,9013356_5,22601109_3,8390706_5,3343899_5,15756826_3
17524301_5,21773601_3,5517830_2,25992692_1,3579550_2,17618697_3,17325339_5,2915863_1
12454205_2,5667795_5,4665372_3,663030_5,1851176_4,6719761_1,17437485_2,18504131_4
7235580_4,9448188_4,10243399_4,15490453_3,2958676_1,7636947_2,18841388_2,26324533_1
18571247_3,3286267_3,5307167_2,13211344_1,11691188_2,4469483_2,16028429_1,14019079_1
14342395_4,17681321_2,4997809_4,3026370_2,21257050_1,9967212_3,7739777_2,12663117_1
24433383_1,19284425_1,17272520_2,1749896_4,494953_2,9596914_3,17241209_3,9103600_4
7470856_4,5662373_1,11349938_1,12529389_3,4461925_3,5662373_1,12962656_1,21053797_3
16056708_1,533537_4,5493758_2,518271_3,17030509_1,22378541_3,17841510_4,1867483_4
21412638_1,2352668_2,8005963_4,433824_4,19338022_5,9484498_4,14592717_4,2014746_5
1381381_4,21310664_5,10019853_1,10811995_3,13042819_2,144648_5,13482579_1,23779585_5
7333513_2,15517620_5,13041929_3,10621350_4,3181452_5,17626402_5,4830517_1,3770670_1
8854958_4,11465665_1,7263805_3,22574906_1,18023297_4,19913105_5,6044179_2,6846573_4
20904894_3,9032779_4,14950982_3,12530350_1,18508806_5,3617631_3,11910878_2,8472981_5
472802_4,19884863_3,10046395_3,7904100_4,4880835_4,11281282_5,12815710_2,17994615_5
15042253_2,7361535_2,7809949_1,13868316_5,5919535_2,10529682_1,1012930_4,12712416_5
24784079_1,1485932_5,9313102_2,17215759_3,9480571_4,2771814_4,7060514_5,15567309_3
17429397_3,9184989_2,19759271_5,7235363_4,4755546_4,22955942_5,2303138_3,8276860_1
18096535_1,8288928_3,17997534_5,16262082_3,24214601_1,2393762_4,7653580_4,10545513_3
10808675_4,2090567_5,22680633_1,9253096_1,29514721_1,14339124_1,4336130_4,6877762_2
6289678_4,16212459_5,16065690_1,8831788_5,2099927_2,6323040_2,6860954_5,4939001_4
25369315_1,11183314_3,14523330_4,5349068_5,10167326_2,6717392_5,20549585_3,16454854_1
6098574_4,17888747_4,6230023_5,5141505_4,17394377_4,12458615_3,4330942_1,12163943_3
29984370_1,24137589_5,21633630_1,9726634_2,6044179_2,12723945_3,10498678_4,15164624_5
21310122_1,15187756_2,8791949_5,7947905_4,1064342_5,3117091_2,10651832_3,23467104_1
26543844_5,5511389_2,23029632_1,5479505_2,1036586_3,14419885_2,14011460_3,15522081_2
13873082_3,14415568_2,3131918_4,10855944_2,17028549_3,22281805_5,7945428_2,8637546_1
13374323_1,6770917_3,13852100_1,1813183_4,10004009_4,3343899_5,3433127_1,4799897_2
2304938_3,10170332_4,1767951_2,6992203_2,8940892_5,361557_4,5221520_2,14334628_3
9633997_3,6601720_4,9014594_3,11966359_3,12126746_3,15358872_5,18165505_1,7331400_4
353124_2,7672122_3,6876147_4,15887311_3,8521057_4,15754684_3,18585682_3,17562249_2
9447493_5,8848407_5,8923725_2,9546709_1,22829178_1,17100520_4,8941252_5,18614331_3
3542029_1,18504131_4,5778989_2,8293156_4,3176740_2,19896596_1,15515837_1,15627321_2
6160847_3,13883347_5,21061824_3,3529036_4,10422111_5,3287312_3,8006873_4,11042645_5
16700939_1,311893_4,1222898_3,11091638_1,14252718_3,2202590_2,18596779_3,9471984_4
11401951_2,4047728_2,26638571_1,16318585_5,5783043_2,250606_2,18258337_5,1102314_1
23105000_1,13380997_3,26020580_5,16378626_1,11453081_1,8095052_4,3579550_2,6230023_5
23894363_1,30200878_1,14115280_5,14302296_3,10460089_4,5742888_4,7262299_4,6455684_1
9978633_5,1740755_3,9190066_4,2606276_5,13637413_1,26663624_5,14000371_5,24356816_1
2720605_5,4956287_2,17082187_5,12981214_1,7674551_2,14242965_5,17870366_4,9242637_3
15150469_5,23199420_1,16158445_1,2704717_2,4572845_1,18873320_5,18235168_2,18895956_3
7280818_4,10479914_4,4989510_2,12755355_3,4442614_2,16691402_3,1272747_5,18624799_5
22895066_1,1963454_3,26382928_1,14688789_3,24885732_5,11683214_4,16663991_4,14062887_3
4954910_2,3536367_2,29762372_1,7140876_4,4283368_3,16097703_5,9960094_5,18149868_5
15854194_3,14127088_5,12162010_3,19523459_1,7152005_5,17394377_4,17144486_3,23282910_5
7267590_4,10848970_3,1189338_5,14965995_3,28101409_1,15778929_5,5776333_2,11317402_1
6403929_2,10498678_4,15187756_2,2565259_4,22575402_5,19148887_2,2110593_4,17432996_3
4082805_4,15071204_3,872216_2,16866465_1,27119094_1,1493815_5,7267590_4,4334284_1
16495915_1,17485499_3,6237742_1,5864259_5,13663323_5,23158458_1,5878809_2,16124883_5
9844928_3,21697959_5,15781999_3,144956_4,24197268_1,7834078_1,3598666_3,10441806_1
13568397_5,2104270_2,7711369_5,12542585_5,22929338_1,14531755_4,6675492_4,2769147_4
5867563_1,326024_3,17582652_4,22575402_5,18390190_3,3255022_3,992590_5,24717424_5
15707763_4,9548918_5,3575423_2,9142742_3,5314834_4,28290081_1,12206988_2,13493849_1
6332328_2,11685786_3,15011233_5,2033075_3,4469483_2,8084104_4,9494421_4,15755850_1
18133408_5,10614452_4,11321863_4,17619383_5,13576785_1,11322130_3,10810427_4,9973406_2
9659186_5,15666127_3,24058514_1,23731681_1,10963205_3,12564753_3,15580095_1,2790330_5
17952737_5,983106_3,22407990_5,8531583_5,2562149_1,18582830_5,12749673_4,13172166_2
10928213_3,4345857_2,18805654_1,17633960_5,6323040_2,16729734_3,5288736_2,14768638_5
12401988_5,12151406_2,9964008_1,1765859_4,17100520_4,5797577_4,4776387_1,14933486_5
8624188_3,19567903_1,15192375_5,26242887_1,15709130_3,25010214_1,6388119_2,6892829_5
22718594_5,13050682_3,1441970_5,16403383_1,14288305_4,26707891_1,14051719_1,7693926_1
16896720_5,4993481_4,8556582_2,16828082_4,13260603_4,15067223_1,9742389_4,13765178_1
2126211_5,1914169_4,11618822_3,10662588_2,761588_4,12441254_1,7350680_1,26328040_5
14808812_5,2029464_1,1620561_2,1261911_4,6727312_1,13188049_2,9265577_5,12494182_3
4487283_2,1212995_5,17849245_1,1972426_5,8297379_1,750434_2,3150438_2,3068764_2
4090385_4,2831180_2,17104545_3,16919135_5,18632396_3,7008700_2,16219417_3,5054180_5
1895342_4,15525869_3,23837216_5,19993748_1,18602777_5,12028022_1,21596695_1,13335130_1
14109375_5,25255412_5,2090567_5,4935107_2,8264270_3,3999068_2,27933589_1,7852606_2
21329363_3,14167665_4,12670166_4,20139743_1,14323749_5,23095180_5,24517108_5,2701784_3
1457497_4,1195880_2,5513303_5,14489002_1,5766089_2,19070871_2,19341757_3,817621_4
13834271_5,15507498_5,4739979_4,8927982_3,15223164_2,11979982_4,22467703_5,11041000_2
11442072_3,6976500_4,8793466_4,10522862_2,16452723_2,16732930_3,18420910_1,15972712_4
16068210_4,10296506_3,574060_5,9475913_5,10814757_2,10617602_4,7225985_3,23353786_3
1509997_4,21242802_3,4731802_4,15374959_5,11551327_2,2915863_1,7904240_1,25748466_5
9575806_1,17320330_1,979170_4,7449153_4,12865293_1,6217656_3,149442_4,156628_1
1368073_3,19768079_5,24121730_1,1158517_1,9749512_3,11069813_5,8007805_4,12036824_1
6995551_2,14056186_5,19488305_5,13984726_3,23711100_1,8060451_3,14603797_3,16387639_2
10141311_3,11743151_3,12884011_4,2446013_1,17244530_5,26716520_1,17082038_3,610364_1
10848029_1,2095340_2,7841279_4,19151724_2,9145982_5,5436594_4,5949836_5,9130378_5
17035180_5,13559181_2,8166985_5,25223874_1,16820410_3,19615920_2,3826796_4,11517821_2
3884209_1,14482715_4,5439399_4,18943897_3,26337694_5,16107229_5,22609513_1,771640_5
13171129_1,10701890_1,12776506_3,23368409_1,7780368_5,8198912_3,17037866_5,3091987_2
1597217_2,4522392_4,16236495_4,15866474_3,10897898_3,12446682_2,8207370_3,4254950_2
6257620_2,26208475_5,7029502_1,22309584_1,2650440_4,13119610_4,10849132_4,14437262_2
9762170_1,14468921_3,25185423_1,3210495_1,17101758_4,3582733_4,2075979_4,22868280_1
2893549_4,6814164_3,10610434_5,18235168_2,1614895_3,4085196_4,21032764_5,637202_2
11416095_5,7066855_4,7582140_4,18273232_4,22187266_3,7389065_4,21399397_1,10060059_2
8902961_4,15652637_1,13972513_3,19356163_2,11231951_1,19689059_1,20926350_3,8517962_3
17094259_4,15942612_3,26080658_1,12013109_1,5986767_4,24008135_5,6742263_2,24460412_5
23811418_1,16888992_5,7017227_4,7169725_4,5538882_1,9878994_2,1853175_4,450833_3
3414352_4,16542869_2,16458946_3,4739399_4,8566319_2,11655307_3,3570962_4,12355544_1
25747125_1,19540918_3,26362302_5,4153991_2,12875890_1,8302588_1,7869335_5,17074154_2
23496223_1,25590517_1,4387984_2,4082805_4,7572587_4,13931749_3,4606029_1,4763833_4
1546131_2,1291651_5,974972_1,5440069_3,15933672_5,851255_3,7534290_1,872216_2
2586390_4,18762433_1,5452155_2,4936501_4,18149868_5,2071503_5,26220152_1,2833238_4
17437485_2,6239692_4,14337295_3,15658690_5,6681214_4,11966262_1,1613839_4,9880659_5
15239781_5,17715343_2,18010924_1,746173_2,1174716_2,23810637_1,9539564_4,21584123_3
10535049_5,4487283_2,10475799_4,7176384_4,25913523_1,28964088_1,19356163_2,6621831_3
18972820_2,20377178_5,1069082_4,19385988_1,11239921_1,10665251_3,23245619_3,5899620_2
15858750_1,14858089_5,61822_1,18972491_1,11396234_5,16686921_1,6804733_4,8302588_1
11492771_3,14281211_3,16958313_1,12011963_5,18527825_3,14618620_3,12531334_3,11979982_4
12965938_2,8033576_5,13228430_5,19113897_5,13080063_3,7494698_5,26322799_1,12004961_3
1155177_2,17841510_4,18954618_2,19819713_5,3230772_1,5778989_2,1239038_1,24995042_1
8204372_3,8892361_4,16742504_1,24280379_5,8089296_4,22687606_5,3823430_1,9400939_1
12957607_3,14362567_3,5854625_4,6742263_2,14625384_4,5721115_4,13639268_3,3931496_2
16360920_5,2825207_5,20161788_3,1273924_4,693194_4,25002408_5,10566532_2,14783237_5
4830517_1,20960435_1,24282289_1,21697959_5,3086269_2,17139939_3,14183353_5,23823095_1
21114158_1,19531400_5,13942573_3,5178824_2,15488681_3,3414352_4,1923937_1,9288698_4
9307591_3,17633201_1,13703545_2,6644643_4,266543_3,8077577_2,14043454_3,2586390_4
25107807_5,19751841_3,23494937_1,26322799_1,10669457_5,28377403_1,9706187_3,7498206_5
11974193_4,15292129_3,11355541_4,9605727_3,11075652_1,9087297_3,12921383_5,17069034_5
6588619_4,12981214_1,17275704_3,12661335_5,8590700_1,4499627_2,22104291_1,2054056_4
10507222_1,21305759_5,7126597_4,12743726_2,3630196_3,3115249_3,10411374_4,27143139_1
9953151_5,10220271_1,6409912_4,2650440_4,13692537_2,4294409_4,22829178_1,5982359_4
18170392_5,13462198_4,10928213_3,8963979_4,17482161_3,25590999_5,25185423_1,17054440_4
10617274_4,17905314_5,18319171_2,255543_4,19375301_1,6312450_4,15026153_5,23521872_5
6733496_4,23946755_5,17629996_3,12489098_1,24600861_1,6842829_2,12425959_4,19804880_3
10243399_4,12712416_5,16410185_5,14956468_5,12921383_5,8306316_4,22737046_3,10581504_5
26707891_1,8504549_3,5734389_5,9638495_5,24856062_5,6309098_2,7120804_3,3037445_4
6463716_5,18806415_1,4292966_5,16464730_1,18572946_4,24756693_1,10368251_5,11051603_1
6507653_4,4298082_1,5485592_2,18935252_1,4146006_4,12794821_3,12897566_1,19723709_1
17293366_1,5324707_2,17163756_1,1299794_1,19251816_1,3717818_3,19380522_5,13673554_1
9013356_5,5623663_4,5385008_2,1257486_2,1440054_1,13441463_4,16060379_2,5786199_5
15522081_2,13283678_3,17144486_3,635520_3,12425959_4,5497032_3,9035798_3,1043326_5
9049935_5,14513384_2,5517414_3,21423594_5,24849657_1,5888935_2,25581190_1,10356824_3
17666599_1,2368532_3,771640_5,2066658_4,5258799_1,2722321_3,6504308_2,7288484_3
6676968_3,6168540_1,10258469_4,15372850_4,12464707_5,18335231_5,6409903_3,3080550_3
18174455_4,9198678_1,2414518_2,4245246_4,15332018_5,18161927_5,25105980_5,5319309_2
22817039_1,3808025_4,17363715_5,12458060_2,18018045_4,12878597_2,10926642_5,10088842_4
15446339_3,2175041_2,4946010_2,434019_5,25892069_1,17379998_1,8809605_5,29825_2
8716191_5,12275290_1,14593835_3,29214213_1,8758484_3,9069210_5,17487284_3,12164703_5
6117396_5,4106567_2,2054056_4,15129526_5,1218759_2,7894981_2,9349565_3,1084721_2
6888664_5,15626073_1,15157105_5,9271284_3,4751353_2,8554603_5,9305889_3,21269378_5
13579223_3,6116088_2,25722544_1,4493633_2,6890416_4,6493678_4,21106454_5,13179887_2
12529088_2,22628769_5,26973058_5,21310273_5,1458975_4,9260010_3,9806848_3,2190783_4
3075602_1,13952992_4,7888676_2,16249498_1,3709098_4,9537807_4,19552244_3,8562445_5
7240584_2,26150563_1,20519371_3,26381565_1,16199782_4,5507401_4,4957101_4,8569931_1
17288932_5,4231627_2,6030315_5,15957923_3,5355708_1,7937548_3,7215022_3,998085_5
11683214_4,6903906_4,18662769_5,9378881_2,23154964_1,10952387_2,24369458_1,6717898_4
15126186_3,3181452_5,1387471_2,9529299_5,10898083_3,15929428_2,17633201_1,2650440_4
9905000_5,13172166_2,10251349_1,16728663_3,18927643_1,19081653_1,7752777_5,19284425_1
13024552_5,7526407_2,7282656_5,23548462_5,5859854_2,860022_3,8512702_2,15668809_3
17737948_5,12842384_2,23237190_1,10521956_3,2126211_5,15656964_3,3791497_4,4385994_1
14926738_1,11105221_1,16501311_4,22081791_1,17088170_5,14970684_3,14877971_3,673330_2
7483189_5,21814674_5,9951347_5,26957850_5,6191610_4,2766355_5,3733807_1,5376550_5
1917601_2,1049351_2,513077_4,17134440_3,8617621_2,1966249_4,4086872_2,7961557_4
14000371_5,8279735_2,1597290_3,507951_3,27952853_1,9399268_4,15795701_3,20089059_5
10090613_4,11488970_5,23830180_1,15447591_5,18473945_4,3796676_4,12467099_4,15177853_5
21379374_1,8077577_2,9176111_5,11625147_3,637202_2,14247589_2,4575674_2,19449372_3
14043818_3,6130793_4,17425581_2,5248329_2,11748497_4,9880659_5,17215759_3,11276111_3
13491174_5,11137846_5,14001566_1,27728272_1,22196114_1,16925716_1,7744444_1,17859465_1
21863691_1,14048000_3,16342171_1,1636614_1,17835505_2,10526858_4,24197268_1,9481582_2
20389997_1,66618_4,4547473_2,14955526_4,12151386_2,25750641_5,13700907_5,6137446_3
15582315_2,16951927_1,4841387_3,14070741_1,16314603_3,13467823_3,21298624_3,7388853_5
18584569_3,2569693_4,4644072_2,19631803_3,6220598_4,14083728_5,11690182_3,8367417_2
12340557_1,4068616_3,2020833_2,5026352_4,3999068_2,17126566_2,1851959_4,19718364_5
26709451_5,4065677_3,8262438_4,2458559_4,1600565_2,7950219_5,7043893_4,16222004_2
4711782_5,17579391_5,6913259_1,11878231_3,10127320_2,21878491_3,16256866_4,28755541_1
21098127_3,8577931_5,17147978_4,5824933_2,875169_4,146942_4,6964690_4,23758928_5
6956831_4,771640_5,4400887_2,24517108_5,9172918_5,1571563_4,18577376_3,15011233_5
1757089_4,13152474_2,5380417_1,4908705_3,19111501_2,8967766_3,15526272_2,18201926_4
3349851_1,5016394_4,1664570_2,6918112_1,2041952_4,12951864_3,8904870_5,2207423_5
7535127_4,23320426_5,14288305_4,10893360_3,2770128_4,13310388_3,24928187_5,3848424_4
13405445_4,10195891_5,15269335_3,24057796_5,8854958_4,9690092_3,10848029_1,9903325_3
7746685_5,2126211_5,19826799_1,8071753_4,12831434_4,23520352_5,8985950_3,16249498_1
8448232_5,6773568_5,23905673_1,3973647_2,22607132_1,7031171_2,18787205_3,21107554_1
10563290_4,26688027_1,1235133_2,5755331_1,6918112_1,4530247_2,12809625_1,15912050_1
22008499_3,9195996_5,9409977_5,6360779_3,16184184_3,17565786_3,12898546_5,20389997_1
367419_4,16681877_3,16626706_3,3601749_3,10570794_2,19682046_5,10654260_5,10043089_2
8531583_5,18618590_3,4108531_2,4623050_1,1966249_4,24907417_1,10474377_5,19983414_1
18233630_1,28851933_1,23532701_1,16281556_1,17579391_5,2617461_2,11276111_3,8006499_4
16786340_5,18558699_5,2574227_4,23163349_5,14242612_1,550704_1,14559979_3,9259178_4
2614881_4,22196114_1,12406105_5,15069811_3,16605651_3,10844404_3,10173735_4,19547600_5
6479955_2,26638571_1,19439140_1,2722312_4,23832161_1,7344630_5,4078650_3,26361458_5
22204268_3,17633960_5,4000240_5,5541763_4,11513495_1,16154165_3,18161927_5,3777690_1
8238344_1,11117679_3,1867483_4,888825_1,17046271_3,9272094_5,2396914_2,3180543_1
15086962_3,16158445_1,4369614_5,13131194_5,17478591_5,19111501_2,10428514_5,16244731_1
16986927_3,11216042_1,8978137_3,4118591_3,18571247_3,14451403_4,15284377_5,15988671_1
13737062_4,18679329_1,8312957_3,8360192_2,12538295_5,6855625_5,6116728_2,20513771_5
5396995_3,23349480_5,11588817_2,21098127_3,6110235_4,14270946_5,5627684_5,9141739_4
13326119_3,2833245_2,15268591_5,6657646_2,22598478_1,22607085_1,18775185_5,3325185_3
10978533_5,9832956_5,11285219_3,13380813_5,10799357_4,918319_1,23980401_5,4868475_5
13101482_3,15533758_3,11406657_3,13515845_1,3579888_2,4963645_5,5695957_1,13724594_4
16964509_1,25737998_1,3453588_3,307756_4,9205825_3,24384538_1,3685987_5,12054671_3
11349938_1,9060035_4,13550197_2,18996564_5,10357193_3,21885223_5,9882549_1,3331759_4
1204781_5,15455661_5,12895120_2,11980512_2,18513223_2,2047446_1,7834078_1,3659314_2
12621207_1,21046404_5,13020096_2,5867148_2,13330195_3,18539505_5,23156121_1,25075719_5
8007987_5,5561060_3,4165097_4,16068210_4,8158758_1,7495273_5,21223915_5,18143715_4
740_3,328998_2,2537758_3,7060514_5,16235018_1,29459748_1,14582763_1,3846031_2
1100093_1,17014896_1,18699276_1,17580089_1,16664306_3,6197601_4,8654252_1,22012016_1
8562445_5,654392_5,2316002_2,5068817_4,26449552_1,12798593_3,14153339_3,3513794_2
28144674_1,5827389_3,5993116_2,10865102_3,21368435_5,9178119_4,8880223_3,2146671_2
20144246_1,2559620_4,9029384_5,9275982_5,10566532_2,18401128_1,18081312_2,1160005_4
19231920_1,12722399_2,3542029_1,11454488_2,10161039_1,23628424_1,15070256_3,13191972_1
7336109_1,1306755_2,11227643_1,23436645_1,1299721_4,19272701_1,25541748_1,9644766_5
533537_4,24567608_1,15830379_3,29435465_1,8852900_2,17362929_1,26743704_5,11784959_3
9140674_1,21679505_1,23163349_5,20936285_5,974972_1,17356834_4,19276195_1,16843477_1
13661110_2,11327716_1,5238351_2,12691400_1,12136805_4,18025932_1,18758294_3,8959560_3
10318667_3,13159056_1,26957850_5,8000274_3,12270491_3,18573101_5,11923589_4,12946476_1
18102824_5,9289657_4,12328754_2,9744925_3,12530350_1,5221520_2,18434142_5,18090385_1
14098413_3,22785288_5,10515481_1,17098813_2,5149878_5,9040791_4,23087840_1,18423427_5
23451472_1,12444267_3,13217259_1,10833480_3,8030148_4,983106_3,7212074_2,11684491_3
6505762_4,30161768_1,18656557_3,7922098_5,15295334_4,10929662_3,10617602_4,11441852_2
8445864_3,3532328_2,16866465_1,20976440_5,509493_5,3028817_3,30069056_1,24967270_1
1174716_2,10973850_3,8648737_4,5319309_2,15203369_5,10316462_3,18166282_4,13253787_5
1923937_1,21983774_5,3823430_1,3534403_4,26286442_1,19333620_1,12531174_1,9036917_2
12749673_4,27103082_1,7786985_4,7634300_3,4411284_4,4525433_2,8011070_2,10848029_1
9862050_3,14397838_4,8695212_1,14087094_5,4996568_2,590813_2,11867985_2,19768079_5
13412174_1,22051142_5,5982359_4,12658462_5,14603797_3,1930841_1,22161549_3,12444267_3
17258207_1,1560124_2,17475198_5,15681649_3,1489801_5,23521994_1,1112186_4,16381683_3
10614452_4,13355625_2,12126746_3,7119823_4,13156904_3,13217259_1,26476138_5,6888664_5
7175655_4,10316462_3,4855016_2,16288589_2,14342395_4,1298067_1,18769580_5,842373_3
19624087_1,1233604_3,21180479_3,4479326_2,3082359_2,6824356_5,7735351_4,13151142_3
7876306_2,12765420_3,21582729_3,2002930_2,5081171_3,18109651_1,21756748_5,17885151_4
9597238_4,4056184_5,22119288_5,4470175_1,12467166_2,27871877_1,11369841_5,24549530_1
22175545_1,24356816_1,820550_5,1348626_2,2540013_4,10244336_3,17865562_3,7247282_2
6126367_4,30108485_1,5045430_1,6421219_4,18127190_1,2794280_4,28405960_1,1713018_1
16207753_3,18063839_5,3959459_2,27902382_1,29973883_1,7175655_4,8166985_5,18785669_5
13412588_1,2543384_3,13738332_4,21930840_1,1010427_4,23022690_3,7768817_4,8654704_3
15074201_2,19247625_5,2143017_4,26324533_1,17558603_1,492590_4,15709432_3,12688616_3
2592940_2,16675841_5,15739239_3,4680889_2,208388_4,7312077_2,3530644_2,12275290_1
5793945_1,680779_4,16649602_3,18204331_4,9862050_3,16763273_2,9253096_1,11206852_2
9235672_5,10836640_2,22414901_3,13036617_2,7348941_4,4466134_4,16782430_1,17573786_1
1138874_3,12396153_1,16656644_5,15707850_2,3445715_3,1629799_4,8360192_2,10962472_4
24571585_1,23022690_3,16275975_3,21460990_3,19390708_5,16582778_1,4763833_4,2233874_4
12383441_3,1300583_4,925547_5,19615920_2,7720461_4,22785288_5,5045121_4,3390871_3
30162672_1,9248951_5,6902755_5,8207370_3,5774758_2,3977085_3,6399867_2,1539922_5
1062798_2,6867650_2,3934704_2,4333245_5,17626402_5,2588718_4,11322130_3,650206_3
12444267_3,5081171_3,17020415_1,4763833_4,4837482_2,3377711_3,14109375_5,16495915_1
12511372_3,6283256_3,8186384_3,5129781_2,5593484_5,12164703_5,8959560_3,5836216_2
10865102_3,18776105_5,5727419_2,11321811_1,21729066_1,5156427_2,19473089_1,17244530_5
6640484_4,19640112_1,17263453_3,2847720_1,16763273_2,20831107_1,11183491_2,21494796_5
3328457_4,6723053_5,21993029_1,18927643_1,13065557_3,10932004_1,10423035_5,3903392_1
24929950_1,16662626_3,7821625_5,11620285_1,10484948_3,10689408_2,22086918_5,23144472_1
24044934_5,13287618_4,15285214_5,16387639_2,9319543_2,5561060_3,1620561_2,13980165_3
7915234_1,1097408_4,11102007_3,17272520_2,7347452_5,26292834_1,5251527_2,15367310_5
13188049_2,11744971_3,13382295_5,3219812_5,16651865_3,16757033_5,24724771_1,24823588_1
2790330_5,12690768_3,7765617_4,21011520_5,19583867_2,2355333_3,9596914_3,10338263_5
5850771_4,15764975_3,17653128_1,9412945_5,18966311_1,5013008_4,11124336_4,11048635_5
16078843_1,5909172_2,2579038_2,11184309_4,19754994_3,16309481_1,5539022_4,13451464_5
15490453_3,18660329_2,8831788_5,9998345_5,18342923_5,11583478_5,17086216_3,7072564_1
12740124_3,17072918_5,11888977_4,16417268_4,3156469_2,24017622_5,3461696_4,5783331_2
3904963_2,9154029_3,12393315_3,17783983_5,18590662_1,24171859_5,15071858_3,6673441_3
17563842_1,19675771_3,15924113_4,7262299_4,11484698_2,22090017_3,14933486_5,12713476_1
5897162_1,10037269_5,8945405_5,8959311_4,13491174_5,12965938_2,10935810_3,12332745_5
23520352_5,3287312_3,5541763_4,4853461_1,25516300_1,9223764_5,10226353_5,10588292_5
702605_5,2110593_4,19468841_2,12149820_1,5512224_2,1249681_2,4984366_5,2174640_4
13242323_4,15989537_1,16883905_1,13464323_5,5068817_4,7966209_4,16961242_1,12564753_3
24977535_1,22348091_1,9106929_5,18592193_2,18336178_5,17490272_3,21894629_3,30158193_1
8521057_4,20068149_1,15693597_3,7777979_3,17839994_1,12691447_3,7292761_2,23950134_1
23915722_1,18166282_4,9746763_5,22010484_1,12303600_5,11685786_3,14552809_5,1668531_2
24534477_1,7213256_4,12694637_5,2220715_2,4591695_3,1597290_3,11010109_1,28509699_1
23832161_1,24894249_5,577673_5,8265406_3,12709018_3,6724190_2,5618087_2,17190894_1
20478922_5,9666484_4,9317120_5,13259101_1,13999565_5,25746060_1,26230955_5,2383709_2
1964027_3,1230517_4,3881369_4,415413_2,16907179_1,2234374_2,13038460_4,11087022_1
6992203_2,5727537_2,14994673_5,1605281_2,4587801_1,26322799_1,7670818_4,4234171_2
7046275_5,1789264_4,15582498_5,9576585_1,11776414_3,18527825_3,25550074_5,191062_1
360848_4,22295354_1,5624619_2,16655990_5,17660920_1,21326254_5,22394533_1,3806615_5
16530447_1,19462300_5,16378626_1,9709474_3,1233604_3,9523462_4,18862737_2,21377990_1
26040134_5,10799357_4,21727945_1,8993668_5,23100044_3,9126393_3,23783404_5,286772_3
9384420_5,12950467_3,2319668_4,14098227_1,16954423_4,15297472_3,3544699_3,7434619_1
15194636_2,12298788_2,4316060_5,3189831_5,11786205_1,9848128_3,22528984_1,24562467_5
4996568_2,9226057_3,11413453_2,12962656_1,4776387_1,15129526_5,14414011_4,9031316_5
9673006_5,5786700_2,16912610_1,6230896_4,3460152_5,15822773_3,6645750_4,5081928_2
2946322_5,3156469_2,21368435_5,7915234_1,10814252_1,4504548_4,11930658_1,7585346_2
13586250_4,6661065_1,26102687_1,4737398_3,14620804_3,16098353_4,17182379_5,13126191_3
18787205_3,25696579_5,7491049_5,20160075_1,1769477_1,7975619_4,13997301_3,5459054_2
14073910_4,16559401_1,13441463_4,8287433_4,6118859_4,5644039_2,9925397_1,29393976_1
13467656_1,21425384_5,16794771_4,13833504_2,8385096_4,3931496_2,4537665_4,3630196_3
24625895_1,14715326_5,7397873_1,1489082_5,5383330_2,8247564_5,17030825_5,8555833_5
19186979_3,9298053_2,18578482_5,5330652_1,2815989_3,7319970_5,15299626_3,28128930_1
4411284_4,6414202_2,10479914_4,11524033_4,5865333_2,2319668_4,9230387_3,4606249_4
11497655_1,13020096_2,20713368_3,4090385_4,15348139_5,16092181_5,11618822_3,9209928_1
12058088_5,17526019_3,25913523_1,2812190_5,14588377_1,7134673_3,7898588_4,12195075_3
24438487_5,3132349_1,16184049_5,7542308_4,15640584_1,4062668_5,6469993_2,19884863_3
20699728_1,417415_4,19527589_5,17679130_1,18585682_3,7167380_2,20498194_5,7765617_4
22530703_1,13094774_2,9995199_5,1481972_5,10966787_5,2574227_4,24395205_1,285609_4
11744971_3,13579223_3,27206099_1,11910539_5,18206809_2,10433891_4,16191815_3,25753223_5
13463761_3,2643295_3,9023379_2,10698402_5,5414889_2,10529240_3,185866_2,13388492_1
22352243_3,16464730_1,10230830_4,1204512_2,13436728_3,4249547_2,5854625_4,12971487_2
8344037_5,5187195_5,23582373_1,1372540_4,12434873_2,12224100_5,6244414_3,17190279_1
4236524_2,1358571_4,10380774_1,17122054_3,6860954_5,3519723_2,17486872_3,13775694_5
17565855_2,8446715_2,14459121_4,14337295_3,820274_4,6718029_3,21773031_5,19573438_3
7382441_1,14183302_5,7727852_4,17130255_3,15778929_5,2166004_4,18712696_3,20808942_3
677725_2,23521872_5,5369427_2,5244837_2,6474125_2,4216822_5,6538435_2,5586316_1
18076562_2,29742718_1,945680_4,6876147_4,9257019_1,2461592_4,15724098_5,21726004_1
7355553_5,17030483_3,18874009_5,22064192_1,9964008_1,9597238_4,7960237_3,12291911_5
6968693_4,9944351_3,20209795_1,5443359_4,3461696_4,4369614_5,19338022_5,23363655_1
18018045_4,5863022_5,19919753_3,12985676_5,14258824_4,17708413_5,4234645_4,14250932_4
13441463_4,4085196_4,3101676_1,1644850_3,15491286_3,6364794_4,14142568_1,16656644_5
9709474_3,9711813_3,15295334_4,27106739_1,11150621_2,21052089_1,10739694_3,22281805_5
24849657_1,10595611_2,17574322_3,21110107_5,20559350_1,11640643_4,4913383_1,11442072_3
14658931_3,11783918_3,16427945_3,21502803_1,14767919_3,28516097_1,17679130_1,18212176_3
25590517_1,18286681_2,17662194_5,1894391_1,2416328_2,28776766_1,14551558_5,11772358_4
637202_2,14877971_3,14915409_5,20342332_3,12458615_3,11519657_5,15539542_1,17685627_2
661067_5,12661335_5,1704592_1,9289657_4,7727852_4,827684_5,18018477_1,17174452_4
4124220_4,15790410_3,7950219_5,9674785_5,18177528_2,11657537_3,18539505_5,26583060_1
7972563_3,3631659_3,7152461_4,9049886_5,18082262_5,3190235_5,21836373_5,9545250_4
22902208_1,17130101_3,26784730_5,6320682_2,26898230_1,5713046_4,13506990_1,2602862_5
25748466_5,4837739_5,14842072_5,18686464_3,1249309_3,21534413_5,21502803_1,15850115_3
22866664_1,16182598_2,12589092_2,1241276_4,11346636_2,28593249_1,5727419_2,3727294_5
101930_5,2252390_1,15941511_1,9256436_4,12583088_3,13803617_4,5536298_2,8856569_4
14500953_1,17108352_4,6578135_4,4190367_3,13544000_1,17766394_1,28052775_1,10461546_3
6661065_1,2389852_1,30238312_1,5553339_1,9176111_5,6150461_1,14646802_3,14970684_4
4296070_2,16325241_3,14163594_3,14646308_3,16735011_3,11040854_4,18201926_4,13492556_4
10220918_5,654027_4,3124634_4,16462785_1,13664691_4,11294609_5,20196693_3,6289678_4
4982018_3,15933672_5,17589606_4,6422005_1,19033026_2,4447740_4,2540013_4,24695862_1
18762433_1,26708458_1,9854351_1,540352_1,21460990_3,3573845_1,6650390_4,2643295_3
10925315_2,3071297_4,18602664_5,8383518_2,10893418_5,1059745_4,5189700_4,13577909_5
11498937_3,10865102_3,10617274_4,23105000_1,9526000_5,1709231_2,6505762_4,1203042_2
8868239_4,13464323_5,12388876_2,12613157_1,12013109_1,1012930_4,15244912_5,21847144_5
6541732_2,2807630_3,15709027_2,7949246_1,26361458_5,5667795_5,21026471_3,506821_5
21068995_3,11341018_1,18076562_2,5774758_2,16786340_5,12867587_3,9232482_5,4870568_3
22746708_1,13277208_3,17593766_5,15976729_2,21107554_1,11178315_4,5693914_3,10449368_3
17593766_5,15659845_2,9656692_2,18347253_5,11652897_4,18420910_1,17651986_4,15532455_3
8071244_3,21720774_1,21070667_1,79319_3,12407665_1,13001783_5,10773745_2,18235230_3
2671582_4,15132625_2,1781069_2,13648885_5,10773357_4,5899620_2,15933124_3,3083720_2
17378139_5,22521177_3,13492556_4,27774429_1,228359_4,10461229_5,611910_2,20723192_1
25420212_5,22033423_1,2284225_4,1760664_2,8073669_4,6233506_4,9811855_3,29882351_1
4576493_2,12595876_5,25590517_1,24717424_5,9576396_3,17109883_4,21418752_1,13737062_4
1787721_4,29611588_1,22352243_3,14603797_3,7636947_2,9526000_5,12187378_3,13151517_3
26144023_1,5149878_5,146942_4,10764671_2,7340838_2,12748930_5,6117562_2,6742221_4
21437529_3,26465248_5,8264270_3,7104838_4,18374642_4,11857804_4,14049685_1,17485499_3
15503066_5,8856466_1,2047446_1,26327073_1,4237544_3,26579390_5,13552909_5,21835390_3
6285456_2,18161927_5,2164968_1,7798276_3,25853022_5,4134861_2,2117657_4,8264270_3
13490385_3,5737628_4,4897351_2,6932523_4,4310153_5,485537_5,18027168_3,6462560_4
26085426_1,28470125_1,18391613_4,9933195_5,10715413_1,9179933_3,18181067_5,15054012_3
2781769_4,25758548_1,7224103_4,1561816_2,9322196_3,8704086_3,27054834_1,5859506_2
12326755_5,3086269_2,5277043_3,6075400_1,24990361_5,5487262_3,27897496_1,8449165_1
13987609_1,2595420_4,13363424_3,17426540_4,21055414_3,25759793_1,10244336_3,925547_5
10800429_2,19960013_3,5487501_2,4776387_1,22521177_3,13159056_1,5849440_4,10994717_1
17231702_3,12297989_3,7413351_4,26080658_1,17841510_4,24197268_1,5450494_4,10204723_3
9666473_3,1002544_4,16652593_5,12940640_1,9577953_4,24469977_1,19064254_2,17767957_5
11184572_2,13999565_5,14977019_3,9637041_5,14287731_3,30067803_1,19496357_3,6095426_2
2737310_3,13724594_4,1139407_5,9861974_4,16252732_5,11971828_3,14419885_2,9478792_5
24847051_1,23837111_5,10851018_2,13542109_2,5307167_2,2462640_4,7798276_3,16299782_1
17187870_1,4275248_2,7557591_4,23189005_1,10222196_1,9016079_3,11580892_1,11509077_1
2660128_3,12133292_1,3367791_4,13002795_2,9953767_1,9236033_1,11206852_2,1556725_4
5876537_1,18374724_4,1362437_3,28706941_1,24053746_1,1963454_3,14260582_4,10634182_5
1291651_5,11104946_3,16317431_2,9690917_5,7533700_4,15434847_1,11328188_2,8716044_4
12163943_3,19383126_2,19284425_1,1597217_3,17378139_5,1525451_4,16649253_3,29852287_1
21561197_3,5513303_5,7104838_4,3212201_1,9646869_4,23193338_1,8873004_5,3591219_4
13158480_3,5956920_2,9909029_1,11068246_5,23403270_1,15062527_5,18699276_1,19766748_5
16069505_5,2812190_5,30200878_1,13191972_1,16903003_1,9249915_5,10704515_1,9775651_2
17144486_3,15490602_5,1481972_5,15799933_3,13500597_5,9242878_3,18860978_3,9550270_3
5644039_2,7676161_3,8030704_2,5338237_4,14808044_3,26044185_1,11451817_1,17353712_5
567206_4,13450288_1,16794207_3,10525351_2,4964686_1,9845561_5,5310611_2,26091259_1
12712416_5,7129295_4,1912984_2,19070871_2,9129610_3,16728663_3,16213249_4,4000240_5
6423069_2,19623893_5,20419707_5,22549942_1,8180669_1,7017227_4,18056253_1,9172918_5
12201717_2,17447601_5,10174825_3,12064527_3,17272520_2,11281885_1,4738546_4,6770395_2
18312230_2,14052688_1,19111501_2,9141159_2,18550824_5,8283200_2,6438484_2,17109883_4
10908712_2,13743500_4,2226766_2,23866991_5,17097454_4,5755543_5,14974706_5,18648441_5
10892415_3,1059401_5,5539022_4,9465915_3,25722544_1,18221353_5,659153_2,20743195_3
13722184_4,6131816_2,22250464_1,10552899_5,8517962_3,2833238_4,17511795_4,216941_4
9856363_4,79319_3,23141126_1,10534415_1,29808956_1,22250464_1,17989540_5,16881158_5
7808283_4,4310153_5,4896345_2,29888436_1,9250504_1,5805614_2,12538295_5,16628371_3
7366056_1,16681020_1,2794280_4,5538882_1,5705306_4,11104946_3,9479250_4,27457546_1
6207648_5,11502292_4,24569670_5,15082324_3,17413463_2,5021346_2,12879764_3,15066792_4
8702462_5,20089779_5,1813183_4,726032_2,23112548_1,16484296_1,15434847_1,21860601_1
2920806_2,4277934_5,430340_1,12383441_3,30069056_1,11544363_2,25241738_5,16114392_5
19148887_2,7238096_1,17035180_5,17643776_4,3895512_5,15285214_5,2819058_1,8902961_4
15747881_1,17305488_3,18068646_5,16055282_3,8107184_5,21423594_5,5742888_4,11401951_2
5672704_5,4510439_4,4419798_5,9831860_3,12192756_2,13482579_1,17967192_2,16272879_2
21713355_1,5811947_5,12466917_2,17486872_3,16282444_2,1358571_4,6902397_4,8831788_5
6047341_5,12753454_2,10812078_3,19790018_1,14057131_5,16659803_5,17122054_3,18206809_2
6786519_3,7060514_5,13131194_5,13494120_4,4083311_4,5974337_5,10161039_1,12162010_3
13554601_3,12186131_3,8654252_1,9848657_2,13102739_1,12784791_3,26765580_1,13273244_1
14260582_4,4869258_5,1265300_3,15285230_5,15739177_1,9122583_5,21184189_1,10962537_3
286496_5,19261609_1,9265577_5,13987609_1,22316833_5,13363424_3,23109130_1,12106154_3
228359_4,7228664_2,18256214_5,6095164_4,17427603_3,31034_2,17580566_5,4645081_4
7870195_3,16151592_5,791971_3,26754590_5,6878842_2,252602_1,27258296_1,24929950_1
20320045_5,15830379_3,18081312_2,26230955_5,7988294_4,10504327_3,16691079_2,3754520_4
7112484_4,7066794_2,22704890_1,19755997_5,1101075_4,1303864_4,16794207_3,7683908_3
22753252_1,18406158_5,18865314_3,22252705_1,5649964_2,15593997_5,11777351_2,5502460_2
9889650_5,4296932_1,4459453_4,8582784_5,14756386_5,22777569_5,10880696_5,17561511_4
1558970_3,19272701_1,22012674_5,16308559_5,12076722_4,8296239_4,25384138_5,1527552_5
6735228_4,1279461_4,13310388_3,7512383_5,5288106_2,7413085_3,11457717_3,11460796_3
2913597_4,18361697_1,17585895_5,22104291_1,8067633_2,989939_2,2579824_4,13358373_3
11306876_4,7888676_2,25516300_1,616986_5,6773919_3,2937470_3,20782448_1,12107347_3
15094446_5,21309832_5,15929428_2,24850244_1,10834142_3,25280930_1,17465987_5,5335092_1
5430269_2,25550074_5,4153991_2,24600861_1,24859758_5,2771251_4,398078_4,10754938_5
21755692_1,15242904_3,4773126_1,8297379_1,22584373_1,8329731_4,8380747_4,16837112_2
1289537_4,15370427_2,12741831_3,11633578_5,12724094_4,9522055_5,10812078_3,888825_1
4775905_2,21114158_1,4811294_2,10641619_4,4245246_4,15776212_3,2303758_4,14956468_5
3871727_1,6966330_2,25386718_5,22723862_1,13156740_1,13005663_1,9922025_5,5691484_3
22381110_5,1440054_1,6888664_5,23874356_5,14070388_5,10230830_4,459460_4,6824408_4
13156904_3,3685987_5,17281543_5,13637413_1,21836373_5,3027990_4,6514480_5,9031260_5
12967918_5,24669457_5,12466590_2,12407665_1,2509215_4,1403546_4,540352_1,9820159_4
22044168_3,10507222_1,18011825_2,16542869_2,14632115_4,79319_3,9434991_5,13879475_5
11128444_1,7791254_4,3489389_4,23929558_1,16727176_3,7155260_2,10752322_2,10854472_4
18748868_5,9710591_3,2720605_5,7925677_2,17448532_4,7485673_5,11732666_3,23184664_5
12714588_3,1893917_1,4126496_4,5561989_2,5054514_2,3156264_1,3167943_4,11980512_2
9550270_3,8094041_4,16435295_5,16280771_2,11313365_4,15677304_3,23598540_1,13326119_3
16001018_3,26220152_1,9304091_5,3629821_3,13150642_3,4108531_2,14482715_4,10706655_5
7434751_5,15434847_1,6831478_1,1921377_4,2455640_3,11829598_1,928530_2,8772600_2
9450606_4,3826796_4,10535049_5,17952737_5,7140876_4,18206809_2,1968835_4,21341952_5
6485939_2,9458225_1,1828929_4,4974948_3,21559712_3,11663067_2,5991616_2,5174350_4
17908109_5,17293366_1,20497498_1,16737080_2,6075400_1,17952737_5,1552442_4,18086372_2
15663955_2,24204573_5,12195874_2,15810663_3,12162724_1,7607467_4,1489082_5,8272440_4
3881369_4,13768507_5,3382794_4,16022382_5,17628521_5,11600404_5,24277283_5,10159231_2
10885323_4,14235599_5,17188485_1,9713049_1,10380774_1,15790410_3,16328469_1,12697653_3
18596779_3,4728074_4,25580521_1,16290746_3,2530076_2,6203190_5,18845215_1,16691721_4
9800230_1,3393285_1,17094259_4,17086216_3,22548727_3,10550675_1,9749512_3,8344037_5
1972428_1,2465182_4,5674074_5,17791472_5,3966734_3,4083311_4,19239123_1,10595611_2
12891678_3,10326801_4,11623419_3,12971454_3,2331495_3,9576396_3,7792808_5,5627684_5
10501716_4,12937246_4,15640331_5,6124985_4,21399397_1,649334_4,9605727_3,2246325_4
26352335_5,842013_5,16350589_3,8898990_5,2946322_5,8360192_2,22792948_1,7017227_4
3210495_1,19045961_2,25892069_1,7434629_4,15086494_5,12128929_4,12698446_3,24231168_1
16378626_1,11996084_4,11779373_3,23494111_1,4199412_5,15075936_5,3962182_3,16708288_2
20504185_1,15881845_1,9235672_5,5910154_4,9237109_3,12831434_4,6647253_4,23830180_1
7944914_5,20119762_5,6079996_3,22720263_5,1339687_2,1023642_2,11527096_3,5338661_2
8397396_5,16313977_1,26538560_5,8296239_4,5541763_4,4094068_4,7699291_1,12195573_5
21267657_3,8813495_3,24319228_1,2167431_3,11743151_3,3760347_1,6773919_3,11925267_1
18143715_4,6675507_3,29430625_1,9992231_5,4739399_4,6403929_2,16009289_5,22239413_5
11457717_3,16651865_3,18192151_4,17839994_1,9264453_3,18490424_5,18589744_3,7678245_2
24982850_1,6320682_2,18463557_2,11430426_1,13000054_2,9257019_1,6540193_2,3078317_2
6611265_2,4655155_4,8427224_2,13726266_1,15083436_3,19573430_3,266543_3,7449311_2
2619075_2,15471286_4,5573612_5,22548158_1,11979982_4,9190066_4,3037445_4,7893831_4
15423285_1,28684386_1,22735257_1,23816626_1,10498678_4,2768481_1,19669910_3,2476663_2
11323189_2,18562146_5,8352726_1,3672972_5,18865314_3,4043823_2,2375885_1,15525869_3
9108707_4,19736586_1,5204753_4,4919408_2,5904956_1,5883645_2,8186384_3,21827684_3
12149004_1,17459139_5,11489779_4,17501133_3,13036617_2,7842365_4,4434155_4,13151419_5
13050682_3,8492031_3,13250206_3,6951045_1,9919992_5,5777614_2,15062527_5,7409180_4
11968850_1,8451972_1,3981401_2,11435435_4,3536719_4,2699906_3,9656692_2,2331495_3
3881199_5,17724300_5,13654728_1,8517962_3,9235672_5,1027159_4,24123945_1,15539542_1
9380764_4,11691424_3,1062798_2,21723410_1,22622005_3,14254494_5,7752405_1,9652375_5
15083771_3,15688322_1,19722966_1,17082038_3,9903325_3,1948073_2,6153633_1,3004836_2
7333410_3,13472208_5,18070101_3,3835630_4,1318936_4,2463724_2,12701149_3,9742389_4
5060094_4,22497597_1,8587693_1,23837111_5,101930_5,3659550_5,11683214_4,885547_5
4621109_4,10800429_2,8568534_2,11016729_1,1012930_4,14697454_3,19051227_1,9110059_4
8274070_3,6812214_1,5756780_2,5144938_2,11588217_1,8236587_1,21064582_5,8036265_4
4282358_3,6399867_2,3200280_2,16774380_3,18695594_3,16177760_3,2893549_4,15475718_5
2298584_2,10256705_3,4368196_4,5644039_2,8041571_4,1781069_2,4763827_4,7067172_1
17061655_1,9746763_5,15990644_5,6656555_2,10614370_3,4470571_4,1055426_1,23930590_1
6013616_1,1303864_4,21939856_5,23022690_3,11966359_3,11940059_3,12081585_1,15633198_3
13038460_4,14627748_5,22374069_1,6904774_4,5237861_2,8262438_4,1449118_4,18695594_3
22348091_1,8466929_3,18928819_3,2252961_2,16420357_1,17231642_2,6846573_4,14778820_5
16098353_4,6733496_4,15065520_5,16385724_5,14065190_5,14385514_4,16877995_3,14486006_1
11936363_2,24625895_1,21467730_1,11930658_1,5621465_2,18031251_3,12950467_3,10215147_1
10249653_3,3966734_3,8060451_3,5187195_5,12498449_1,5327111_3,15768192_5,19466035_1
23810637_1,17833995_1,16951927_1,8860875_3,18155913_5,6573780_4,7384444_4,28133733_1
15781999_3,18600369_2,5190893_2,23771209_5,19293566_2,9225223_5,7152005_5,12487713_3
4011995_2,14588377_1,17413463_2,21904087_1,17147978_4,7720461_4,15074201_2,20216902_1
21185180_1,8512702_2,2406288_1,9478318_4,26053952_1,16388747_1,10353515_3,3619952_4
3004836_2,12340557_1,22488333_1,3810307_1,867211_1,1530577_2,2150904_2,9198360_5
3198969_2,6798287_4,4575674_2,18497291_5,3919400_2,14840445_3,15697548_5,23915722_1
5155077_2,15668417_3,13330195_3,9067903_4,8277080_5,13231785_5,9609345_5,14634583_3
15215664_5,18450038_5,9061034_5,22089443_1,5013008_4,14693397_3,15759912_1,811008_2
16568978_2,6356146_3,9742389_4,5758047_4,12210567_1,11067934_1,4048337_5,18312230_2
18775185_5,5737931_4,17126566_2,15831048_4,26154409_1,9307591_3,19251816_1,659153_2
13616114_5,1411128_2,19009641_3,1538674_2,14183302_5,3619952_4,9404947_4,12740851_3
16350219_4,10110854_3,23003001_1,2176553_1,26102687_1,21267657_3,13833504_2,9084622_1
2316002_2,10534415_1,8208164_3,13393057_3,9084601_4,21954643_1,11091689_3,10628883_4
9301038_3,7469866_1,19714501_3,16694826_5,11004675_5,7669767_3,6138547_1,19560988_3
6124985_4,10924161_5,18051489_4,16246934_1,7235517_2,7014251_2,6365213_4,22614833_1
791971_3,9254129_1,1972428_1,16160452_5,3541978_5,2023420_1,19755997_5,13872834_5
8163887_5,29738459_1,18367544_5,16412447_5,15269335_3,5118629_5,26811885_1,3878679_4
3534403_4,7669767_3,21659058_3,13528317_2,6399975_1,27774429_1,13852100_1,15522646_2
17220117_3,16739932_1,17097454_4,25175230_1,13532705_3,591030_2,13908282_5,3998221_2
7890326_2,26970626_5,8495997_3,9315502_2,1493815_5,3517116_3,26576361_1,22094154_3
11025233_1,1835907_3,12971454_3,2915863_1,17594989_4,16196570_3,18729172_3,5621465_2
26150563_1,21026471_3,22829178_1,10201030_2,8315651_4,2322964_2,9108374_3,15488681_3
7432185_2,3558745_3,1747159_3,7557591_4,13698746_1,8153160_2,2199714_4,23521503_5
3863064_1,9486912_5,962557_4,23868027_5,5923168_2,17718507_5,8008017_5,6009532_4
7582140_4,18860978_3,13225619_1,1676856_5,4913383_1,3132349_1,25223874_1,11834890_2
17361373_1,9575806_1,11436231_3,7166560_1,8571907_1,9652468_4,9611656_3,5310611_2
7763776_2,8630720_1,17030483_3,8436431_1,13787831_5,10695721_3,18148277_3,4910677_4
7709676_3,4471872_2,13676849_2,10936436_2,14589326_3,5756780_2,4442614_2,21594595_3
5502040_5,21470633_1,17399941_3,17651584_5,15385479_3,10673047_5,13900441_5,10802287_5
3071297_4,1867483_4,2452185_1,14170742_1,13916216_3,12776506_3,2771251_4,15516692_2
677909_2,14239943_5,14241536_3,11298491_1,11691148_2,4273964_3,17407675_1,4447740_4
1525451_4,9242878_3,15167126_3,4199412_5,18769580_5,17791472_5,5649964_2,8905863_2
23914289_1,15633884_2,15448656_3,13026069_3,21494098_5,3320883_4,18954618_2,8238344_1
13492295_5,5726024_2,11027951_1,10019853_1,5098793_4,3071297_4,23741080_5,27103082_1
14087094_5,2301140_2,7601194_4,13722184_4,2592338_4,4711782_5,2539720_1,14211547_4
13775130_5,21750744_1,15499742_1,8984782_5,10634893_2,25508942_5,9467465_1,6714811_2
10262322_3,12620650_4,16877995_3,22601109_3,15726059_1,7841279_4,7816024_1,13089476_1
21615616_1,9735390_2,22044168_3,10724665_5,16128294_1,22957579_5,15443536_1,8922858_5
3121140_2,18805654_1,14557503_5,16652593_5,5364001_4,1737485_1,5153279_2,14869524_4
23307309_1,2239177_2,10888025_3,8153454_4,11369841_5,13335130_1,809581_5,11273532_1
9411264_5,4596978_4,4852853_2,8143902_4,17844982_2,18996564_5,5893974_2,8107907_2
6903468_2,5912821_4,20362576_3,18422125_5,13464323_5,18050008_1,6601720_4,2414518_2
12877932_5,21412638_1,952605_5,11671795_2,4930258_3,13450288_1,21909794_3,16256866_4
12583963_3,9806848_3,9897635_1,20782448_1,13457371_3,17908125_4,21836401_5,8733294_4
15264088_3,4902315_2,6474127_2,25116401_1,26161406_1,14486006_1,13753271_5,5478009_4
1372694_2,22131036_5,15727922_3,11004675_5,16759980_1,12771407_5,3301023_4,11784643_3
17727629_5,16347713_1,27949685_1,11943163_3,16381683_3,563522_2,5802829_2,12159535_4
6246056_1,10751152_5,822539_5,11745892_2,9550270_3,2543384_3,13162421_5,11698154_3
2264593_2,7777187_4,22975214_1,9919992_5,10293516_2,3584467_1,3835630_4,8577931_5
19623311_1,1123888_2,12971487_2,1123888_2,17501133_3,14563755_4,18817210_1,12971599_1
5797577_4,3380375_4,9692894_4,18578482_5,2559620_4,1454990_1,6657646_2,10602009_2
9440002_2,677311_2,2699906_3,15045956_5,16123758_3,16106251_5,10798246_3,26080658_1
10060059_2,1288875_5,20690016_3,2718216_4,23003001_1,12293217_3,10219080_5,1645541_3
3822104_3,23025889_5,13187670_2,4916480_3,18329785_2,4148762_4,9143942_2,7319970_5
9420338_1,20449800_1,5859854_2,3647147_2,6915443_4,10296506_3,3558745_3,2828391_4
14970684_3,10243399_4,22645813_5,26477396_1,16676034_1,18677390_5,8556582_2,27035728_1
13293729_3,7756019_5,17328527_5,16427945_3,17908074_3,24678946_1,3865850_2,12028022_1
16914341_5,2791549_3,3149460_4,24236377_1,7225985_3,9359707_4,7703518_2,7348941_4
12208283_1,16895629_5,17412023_2,2023420_1,11117679_3,17378139_5,3246120_1,1010427_4
7947905_4,6493678_4,15739177_1,1133094_5,2959910_2,21118982_5,15924113_4,14557595_3
16160452_5,16196137_1,8856569_4,10886342_1,8352647_1,5646955_2,10545513_3,1851959_4
7898647_3,11926993_4,22089443_1,9376795_1,3788449_4,5187772_4,20655701_3,25381916_5
12297989_3,645073_1,24821795_5,14043818_3,1628121_2,12082555_4,19559756_3,10417177_5
3232104_2,15925820_1,14039777_5,18296260_2,12714588_3,581249_2,7894981_2,17446989_1
7036075_4,27110356_1,5958889_2,4770517_1,22530703_1,7644904_1,27378023_1,10562063_4
1288875_5,13449103_1,7066147_4,403662_4,21498490_1,2652497_4,21310122_1,6920037_4
14281702_5,17133680_3,18095187_5,8000515_4,14723368_4,12292554_2,417415_4,7215092_4
16990943_1,22098716_1,20221929_1,15676009_3,4655155_4,15157105_5,10614370_3,17356834_4
10204723_3,27452388_1,5865658_2,8512702_2,7693926_1,2579038_2,8145472_2,13619364_3
19919753_3,2069173_3,20629937_3,26707017_1,11071566_2,13852100_1,10613389_4,9179589_3
8004246_5,10159231_2,18261787_4,17579391_5,19296133_3,2737310_3,16723344_3,8492031_3
14344003_3,10753513_2,14693397_3,16189102_1,4343683_2,13492801_1,23634721_1,1761460_5
15143109_5,9016079_3,10574749_4,21185180_1,7255763_1,7783758_2,12818216_1,13722155_5
6868929_5,9889265_5,4146006_4,4773126_1,8110004_2,3091987_2,5031101_4,15677304_3
307756_4,14222711_5,5787332_2,22548727_3,9253096_1,2069173_3,24469977_1,5159670_2
85504_4,26286442_1,2047566_4,26576361_1,2406288_1,6915443_4,21370086_5,14795584_3
3124920_2,5878417_2,6920037_4,10973930_5,17840704_5,13109373_3,17574322_3,13180527_5
21185558_3,22152508_1,26230955_5,10898605_5,9440002_2,21425384_5,15363695_5,9380832_2
21584123_3,20456153_3,9553625_3,11532398_3,25179772_5,2368073_1,2821904_5,6122337_2
5814887_2,10531010_3,9766899_3,19545635_5,4400887_2,8582784_5,10540085_5,9274961_5
4141101_1,24017622_5,3775494_5,23371164_1,16251942_2,16568978_2,2047566_4,10140681_2
9084601_4,26702715_1,17197397_5,21335796_1,7841279_4,17400253_3,23856391_1,26118654_1
8207807_5,17223456_1,28133733_1,7178085_1,6876246_2,2284225_4,7648781_5,3633539_4
11484243_1,2792072_5,15676009_3,22943763_5,14118000_4,25223874_1,8085981_4,24569670_5
10557028_2,4196659_2,22598749_5,2586390_4,15126186_3,13999207_5,876874_4,8600732_1
11807529_5,20501913_5,1458975_4,16048988_4,16128823_3,10754938_5,19668291_3,22614956_1
12355544_1,18069825_4,9301038_3,1365516_2,17160780_2,13450236_5,9562101_4,5623624_2
15723296_1,9882359_4,3882258_4,12374171_1,2182608_2,11215550_3,21335796_1,9049886_5
17273170_3,820256_4,14217354_3,6220598_4,21574114_3,12443904_2,9789910_4,19209557_2
5812254_4,3151089_2,15961745_1,3216615_2,9523462_4,11341018_1,18312230_2,3079011_1
27054834_1,1663085_2,21718319_3,7340838_2,17750003_3,5379724_2,17072918_5,10156877_3
22553377_1,14922177_5,15522494_5,15933124_3,13997301_3,23100044_3,19705165_5,16691402_3
16419639_1,12971454_3,9176080_4,12897566_1,16393601_5,1767951_2,10698480_1,18165505_1
28559091_1,9659186_5,10555901_2,15841356_2,1619878_3,25036178_5,26425508_1,11524033_4
24286469_1,10687580_2,11105221_1,17654951_4,25105303_5,16670527_5,8664833_4,5160085_2
12544882_1,10899346_1,9569272_1,14387306_3,2389672_1,11803118_3,22317281_1,12975459_2
23816626_1,11513439_1,23933111_1,11183314_3,23029632_1,16128823_3,2522626_4,9573845_3
12653803_1,12698446_3,16527021_4,14970519_3,8967766_3,13674802_1,17710167_3,18966311_1
4974948_3,4013112_2,4267654_2,16883905_1,14842072_5,8702462_5,12868164_2,18089716_2
4877655_3,4284799_3,11612748_3,11610325_3,10037269_5,9129610_3,10334300_4,15593997_5
39441_2,6811971_5,3647147_2,9423118_4,20957681_1,12884011_4,6134230_4,19537822_3
17989540_5,17506179_5,13305067_4,1184680_4,7268993_2,7845081_5,14955526_4,5639053_5
4194512_1,3581093_3,7898647_3,10062856_2,8292796_1,14263839_4,13156740_1,15345806_4
3787935_5,12426848_3,1440054_1,12544882_1,12771374_5,15455661_5,21183770_5,6964084_4
12530542_1,24962078_1,15768146_5,18181067_5,3111040_5,21599209_1,12655999_1,10074968_5
18860978_3,24325815_1,3580163_2,20209795_1,4794540_3,7542308_4,6414202_2,27119094_1
10926642_5,13923374_3,18130372_1,14715326_5,26588498_5,5887161_3,976950_5,8981217_4
9548451_4,8687834_1,19720546_5,18081312_2,6230023_5,8163887_5,2182608_2,5028292_5
15826832_1,18578482_5,11026716_4,15242904_3,9434991_5,13089971_5,6891566_4,17100520_4
26096277_5,7347452_5,4461925_3,6680689_3,10810032_3,16291975_4,8614387_5,15681381_2
19710206_3,3448627_3,8576766_5,9378684_2,22309890_1,7177179_2,8215474_5,24916752_1
2393038_2,26700660_5,6596194_1,10939579_3,16282125_4,15972712_4,18972820_2,20449800_1
10540085_5,9264453_3,1059745_4,21729066_1,17287220_3,14010774_5,5497032_3,9669865_3
9205825_3,14288739_5,14559979_3,6244414_3,8036265_4,12326851_3,11313443_5,7542308_4
25722544_1,3517116_3,15333850_5,11842698_4,5991616_2,3925994_2,11776414_3,17098813_2
1596198_4,16171932_1,16056708_1,12732645_5,14634583_3,19045961_2,16627069_1,6735201_1
5430055_2,20243015_5,23503446_1,16589631_5,14242965_5,7883674_2,1133094_5,16184184_3
4543264_4,16914341_5,23914289_1,11432134_3,4420316_2,5761770_5,3080550_3,15079630_1
7672122_3,6013616_1,4830517_1,6283256_3,18334429_2,9753621_5,2069709_5,22961912_5
22276454_5,21525905_3,284187_1,9923484_3,10274073_5,18463557_2,10886342_1,19194585_3
4431540_5,577673_5,18748868_5,14183302_5,23263850_5,19723709_1,10004411_4,17566796_3
17133680_3,10173735_4,3294892_1,16325093_1,12897566_1,16079296_4,14001566_1,10582822_2
11823002_2,22549942_1,6861067_3,16691721_4,17588069_5,13532705_3,3331759_4,7066147_4
6726646_3,17163756_1,4830332_1,17413463_2,5623624_2,13345365_4,10489755_3,24236377_1
16660716_2,12740124_3,16415232_1,19508615_3,9039932_2,12732645_5,18062026_5,22372657_3
11684491_3,2303750_4,7944914_5,12019629_2,11322939_2,12054671_3,7069591_1,12233037_2
5927079_2,112283_4,9257019_1,17558603_1,20020413_3,5353246_1,11089171_2,17159699_2
22701277_3,18584569_3,3353982_5,15709432_3,24756693_1,25017709_5,16290111_5,11310641_5
3775494_5,15715578_1,18909009_2,16903003_1,16629640_2,17534900_3,23249040_3,5307860_2
3028817_3,4763827_4,13862944_4,9958634_4,16854032_1,830155_1,9652468_4,15827782_3
26442318_5,8496505_5,2819058_1,4273964_3,22001513_5,13681396_4,13532705_3,18319171_2
1726816_1,7588976_4,11598926_4,17908109_5,11596092_5,21415726_1,4156521_4,6384710_4
18209723_3,11861919_1,24213495_1,22902335_3,4275248_2,21379374_1,17829242_2,16309481_1
2389672_1,4318131_4,7619377_4,15562718_3,11604744_3,8848407_5,9832956_5,6436328_5
10023244_1,19823719_1,17436122_5,23589371_1,11888977_4,4613145_5,5928326_4,18017728_2
18274537_5,15054012_3,24730836_1,18143556_2,21594595_3,10892415_3,9409592_1,8436431_1
22117706_5,2592338_4,15292183_3,11957900_4,22846077_1,5807619_4,806539_5,8003507_1
26259459_5,17588719_3,3246120_1,23025889_5,7634300_3,820274_4,19166488_1,9608295_5
24729604_1,8036947_4,15055616_5,22817039_1,9168100_5,10774962_5,9679151_5,11777063_2
15355587_3,19364385_1,1805505_4,18337160_3,18331450_5,10522862_2,2316002_2,16694826_5
5732360_2,8560912_2,12291530_2,8236587_1,663522_1,13592917_5,7915582_1,16790230_5
7486362_5,6665359_4,4009962_1,11076154_5,661067_5,4837739_5,320018_5,6123957_3
24104681_5,10222986_5,7160517_2,5667795_5,15197383_3,21046404_5,9944357_4,6433537_5
18627668_5,5927297_4,14127088_5,17429293_1,1257011_4,7340838_2,14043818_3,22810240_5
17760963_3,11789134_4,13698746_1,17239273_3,13363212_3,22252705_1,817621_4,12243235_5
12388180_3,23517630_5,6915443_4,16401923_2,1668531_2,6044179_2,5193362_4,10566532_2
1898077_3,21310273_5,3786549_4,8329731_4,12599199_4,569887_5,5102218_1,20398954_3
23162665_1,14102026_5,18886261_3,8448232_5,16652593_5,12131571_4,1656042_5,15778929_5
1664570_2,9239158_1,6868929_5,637202_2,26538560_5,11010109_1,1069928_2,10555901_2
5560254_1,12714588_3,7988607_4,7771516_3,4621109_4,18861237_3,5734389_5,13139438_1
16557453_3,17134440_3,11534504_1,8895405_2,13577909_5,8071244_3,5304826_3,8624188_3
660124_2,12511372_3,16078843_1,13886771_4,961375_4,6131816_2,6588619_4,28855689_1
2522626_4,3079011_1,13717488_4,8450134_3,10128721_5,4362633_3,10256187_1,9260010_3
9141718_5,14658931_3,1597217_2,4737661_4,21481684_3,6685745_5,10278822_2,1104273_4
13476484_1,14200448_5,24708988_5,13942013_2,7485673_5,18074738_3,13492556_4,21061824_3
13125196_1,3789659_2,13319560_3,18051489_4,7667870_2,16011929_2,11544363_2,14886894_3
5159670_2,10602009_2,12918998_2,7588976_4,10312889_5,7873319_3,22281805_5,13654728_1
6837322_2,8448080_3,8521057_4,12576313_5,20497498_1,5031101_4,6717857_4,19829603_1
13777825_2,15663955_2,6655937_1,10293749_2,15756288_1,17479298_5,12755355_3,16451403_1
7314970_4,22600690_1,23816626_1,24849657_1,12676650_2,702605_5,15239781_5,5530008_2
17771729_5,24708948_1,6951045_1,10384952_3,22352243_3,21363469_5,5009819_4,21185558_3
1606533_2,10000083_5,2766355_5,7137880_2,12018632_4,11513439_1,17506179_5,14484295_1
2139174_1,16310601_5,11624640_5,13294097_3,5510628_3,3656318_2,14183302_5,1070636_4
15033152_3,11106488_3,10193405_5,18040673_5,20549747_5,3714009_1,5030964_5,16291975_4
3747000_2,16184049_5,8967766_3,3091987_2,3074076_2,16589631_5,9402987_2,8899286_1
11873426_3,31091_2,14589326_3,22915077_1,11731109_2,12530542_1,944634_5,8290488_2
15121610_3,11930658_1,18205067_2,9649728_3,20507738_1,17597130_1,23095651_3,10188404_3
6436328_5,1021323_4,987446_1,11098229_1,8600222_5,19772883_3,10897898_3,20450211_3
549645_1,15113528_3,16936800_1,13094774_2,3255022_3,17615512_2,23771209_5,15524885_5
5272957_5,13117232_3,24647316_1,12971267_3,15657574_5,6134230_4,17586370_1,10170332_4
7084853_2,16317431_2,7331400_4,571590_4,14142568_1,4110711_5,22044168_3,22887294_5
25066267_5,4987050_5,7520617_5,18995660_1,20504185_1,25438752_5,15924612_1,17032146_3
2847720_1,22187266_3,25451841_5,11667093_5,4697355_1,11281842_2,11226107_1,15995652_1
7072324_2,16255281_1,10614370_3,18406158_5,4013112_2,18331450_5,8679971_4,8490933_5
15933124_3,24031784_1,8563236_4,19248831_5,11474268_4,19767365_5,5149959_1,22221278_3
6798287_4,30303807_1,16632612_3,13518090_2,6485054_2,15062456_4,7585346_2,7602843_4
26898230_1,1089576_4,22584373_1,21850100_5,8474708_4,8030148_4,6123727_3,17902187_5
16387639_2,13873082_3,4711782_5,610364_1,15642066_5,9033017_2,22645813_5,5078627_4
15387832_3,10428514_5,156628_1,12971487_2,13982540_3,18852708_5,13825252_5,6816054_4
16178259_1,17493651_5,21871343_3,5770932_2,29265738_1,1292848_4,9313102_2,10368251_5
5164399_3,21929920_1,21395384_1,19038269_5,6540193_2,3776447_1,862603_2,13254372_2
18580907_5,11004675_5,14546631_4,10460089_4,13255192_1,6735228_4,11021175_1,12830341_3
3150438_2,13306736_3,10936436_2,15660457_3,4737398_3,14955526_4,17448836_1,17032424_2
7340838_2,7501161_3,18742070_1,2946322_5,25175230_1,19523025_1,29464650_1,17336929_4
23324550_1,773619_3,17989540_5,1851959_4,9029384_5,21171509_3,8004429_2,13738332_4
4369614_5,9317120_5,15239781_5,18010924_1,15742748_3,6313460_2,7387311_4,20703047_1
12579735_2,1138874_3,4493170_2,26464163_5,28938443_1,4286180_3,21679505_1,18679329_1
23294214_3,16654656_5,20170486_5,15658987_5,10931954_4,17447601_5,791971_3,3086269_2
22317281_1,14965980_3,5797577_4,2463724_2,17364739_1,9005799_2,9966938_3,6121944_4
28074325_1,3672079_2,2100889_4,862287_2,26477396_1,20498957_5,4504188_2,6493678_4
16600425_1,7813352_4,418329_1,16794771_4,12326851_3,8234769_2,12243235_5,5313014_3
5695957_1,16233166_4,22359199_1,9878994_2,11708353_2,16791021_3,18318466_4,11389844_5
14618620_3,12340416_4,16704530_1,18528436_5,7915582_1,17908109_5,11313365_4,1850315_4
19443621_5,20943484_1,13146969_2,14853807_2,7419634_5,2435883_4,28377403_1,24879711_5
11805498_1,19718364_5,11044890_1,22206897_1,20749101_5,11497272_5,307756_4,1055426_1
6153869_2,6804733_4,10563290_4,27936104_1,2259848_2,9288698_4,6674867_4,540352_1
11775323_3,9194858_5,22497597_1,20749101_5,5222259_2,15113528_3,19283458_1,3066195_3
25729174_1,11087228_5,1682325_4,8594088_2,10460936_4,7386588_2,16112429_5,977696_3
9038390_3,5997221_4,6446946_2,13775130_5,22281805_5,18664765_5,16808548_5,2916212_2
5031667_1,11684491_3,20549747_5,18679329_1,17782580_1,809634_5,15954284_2,6943089_4
18596168_5,6676968_3,9176405_4,8133274_3,1682325_4,5845875_2,5100962_4,4298082_1
14971821_2,12900001_3,1257486_2,14362567_3,3541867_4,6868776_1,11283847_5,6153633_1
16894741_5,10681643_1,7409180_4,17320330_1,17256069_1,7169725_4,7681327_2,663522_1
22806148_5,16118939_4,9651156_3,24705394_1,17611719_3,7767320_4,7866249_4,4734226_4
19449372_3,16743292_3,17359736_1,21871343_3,9674785_5,19531400_5,4280564_2,12661335_5
3591219_4,3530644_2,5898625_3,8492031_3,4606029_1,18699276_1,6742221_4,12044400_3
18862737_2,13213718_3,1851176_4,19678769_3,2520643_4,19088388_3,10853899_4,6045404_3
7614163_3,6403929_2,26111024_1,8071244_3,6927068_4,13705151_5,5518567_1,12210567_1
3582733_4,11193393_4,4778526_4,7564365_4,22571564_5,20502920_3,16632612_3,3077193_1
8497064_5,590813_2,15423285_1,3101676_1,7344630_5,2701784_3,26465248_5,3981401_2
14736775_5,15510677_1,17633960_5,16887910_5,7936253_2,4710453_4,6902755_5,10154374_3
7387311_4,3601749_3,2372235_2,1478004_4,18374220_3,6403484_1,14842072_5,3659550_5
13886771_4,9221685_5,23808464_1,16723344_3,3755347_3,862287_2,9845561_5,5514096_2
14304283_2,21055414_3,14917990_1,4247429_2,4417500_2,11450305_1,10097827_4,8036947_4
9758849_2,649334_4,18074738_3,10032150_3,16228296_3,10586451_3,16557905_1,17989540_5
440378_2,14920414_5,9404947_4,9014594_3,18256214_5,15596818_3,11880782_1,23195291_1
8232113_1,18837230_2,3083720_2,16759980_1,9340888_4,6795127_4,1793273_4,286645_2
25280930_1,3822104_3,17621667_5,24993324_1,3591219_4,17088170_5,10937366_4,2446013_1
14534417_3,1619878_3,4498203_2,3037445_4,12338521_1,1788055_4,16196570_3,22530703_1
9545250_4,13017139_3,12770941_3,5149959_1,9226057_3,4531501_2,20254286_3,6012340_3
8291855_4,18963952_3,21894629_3,16233166_4,20389997_1,7405358_5,1352521_4,15739954_5
15148310_5,4146908_2,19293566_2,12771374_5,9497135_4,4343683_2,9548918_5,3246120_1
9500521_1,4811294_2,11465665_1,9781913_3,11705249_4,16655158_5,862287_2,11830411_4
9899609_1,7413351_4,14199042_1,14304283_2,12291530_2,18463215_2,14557595_3,26354304_1
14250932_4,23866192_1,15873043_1,13289354_3,12446682_2,11967364_3,14250036_3,30250775_1
9035798_3,7643576_1,17126460_5,6810846_1,11623419_3,15852642_1,11515380_1,6770560_3
24859758_5,8372125_1,18231253_3,21524904_1,17566695_5,6197302_2,2321868_4,26298570_5
8594088_2,6645750_4,8063014_4,5379724_2,2731424_1,26898230_1,10358847_3,13158787_2
16974977_4,18170392_5,17506179_5,8190220_5,15881845_1,16439981_1,17163756_1,23762422_1
17593394_5,14252718_3,8922858_5,3878679_4,22250464_1,24647316_1,12891678_3,8306810_5
11350531_3,15270072_3,7614385_4,11488251_5,15746276_3,9687688_4,2623512_1,4445222_4
11183491_2,16329400_3,14009825_2,4596978_4,12670166_4,4820551_1,10764671_2,22753252_1
23803905_1,3396247_1,10914188_4,7104956_4,8008017_5,26161406_1,5888935_2,4915553_4
7937548_3,430340_1,20379636_3,22724237_1,6207638_4,13922512_3,29435465_1,840051_4
19559756_3,6120437_4,12498449_1,320018_5,9122583_5,6786823_2,9342953_5,10403149_2
8495997_3,17496620_3,5866366_4,5074983_4,6661065_1,14261547_5,1614895_3,17088308_1
12279348_3,18686464_3,11316807_4,22861339_5,1788055_4,21983774_5,6729096_3,7664868_1
2606791_2,13456309_1,24356816_1,9545250_4,22600690_1,23882947_1,17273170_3,18574682_5
18463565_1,29825_2,7791916_4,1009624_4,7922098_5,16410185_5,11774944_3,472432_2
11026716_4,16727176_3,7066794_2,5811195_4,25885757_5,4623050_1,2331495_3,16128823_3
2322964_2,4269859_1,6122337_2,10062142_5,11337889_5,15923141_1,22429394_1,29891950_1
13731182_5,8215474_5,24231168_1,12560156_3,1096065_2,6647253_4,16393601_5,13152474_2
13543567_5,15633198_3,17423371_5,2847392_2,7613757_4,21723410_1,22895066_1,5727537_2
8577931_5,5154213_1,10698870_2,3832261_1,7178085_1,8025549_4,15488549_3,14199157_1
12951351_5,10665251_3,2989808_2,1900219_1,12979944_5,22352243_3,18562146_5,7585915_4
9848148_5,8648737_4,26465248_5,6203190_5,9413816_1,15203349_3,5369680_4,10256705_3
8524970_4,9950687_1,10000083_5,13977469_5,20540692_1,9500094_5,10666263_1,13532705_3
7263805_3,28133733_1,17679130_1,6798287_4,6798287_4,14646802_3,31034_2,6676968_3
7011737_2,15519647_5,10810154_3,9645510_3,12542441_1,22915077_1,7482479_5,9652468_4
4537665_4,11124275_3,15505033_5,18629892_5,14563755_4,13687752_2,12647900_1,6753232_4
8448613_1,17621667_5,13664013_2,21929469_5,9726634_2,26111024_1,18085416_5,23929558_1
15805259_3,17969431_5,10891148_1,19573438_3,8594432_2,6223508_3,12971487_2,1438110_5
17722386_5,23744034_1,6714811_2,11291762_1,24954490_5,3362176_3,12794821_3,8073145_1
16406998_1,16866465_1,17252986_2,15293998_4,10019853_1,30085622_1,28443831_1,1329450_4
21269378_5,8161111_1,642040_5,4705926_5,21499877_5,11241129_1,23564735_1,8445864_3
14494640_1,5859854_2,19790018_1,13188049_2,6244414_3,4980574_4,4231627_2,11651139_2
21762613_1,918319_1,15285230_5,4539155_3,15537358_5,9909029_1,17542926_3,1711102_2
15429654_1,5021426_4,20504185_1,12947407_3,11345238_1,18465409_2,12954361_4,12599199_4
17246596_5,4400887_2,2246325_4,5672704_5,6629854_4,12120504_4,15801551_2,375101_5
5579953_3,12663054_3,20486759_3,24126244_1,22746708_1,17402319_5,18548808_5,19599872_1
16862100_1,20160075_1,16259334_3,10973093_4,5560254_1,6645750_4,8684734_5,12790139_5
17558603_1,8867478_2,5087963_4,226558_3,21850065_1,11206852_2,3925994_2,17824285_5
6213004_2,4957101_4,9563993_4,9103600_4,15488820_1,16868851_3,11735376_2,7469866_1
3324309_5,9916272_3,14221911_5,4156521_4,20362576_3,14658931_3,7873319_3,12579963_3
4913383_1,690977_5,23501879_1,7432185_2,4288947_3,23156121_1,3463394_3,4082805_4
16123239_1,1366912_2,6794605_4,15292183_3,6257620_2,14342395_4,14840445_3,6798287_4
9100643_3,16451134_1,13873082_3,8684734_5,19568963_3,9178815_3,8371828_5,10541585_3
8994588_2,23073726_1,10353515_3,12119289_3,4995714_4,6920037_4,350513_2,13972375_3
5805846_4,26579390_5,11313443_5,3075602_1,3221509_1,7674551_2,13065447_3,21640437_5
10893360_3,11620046_4,10891368_3,15593997_5,10379967_5,12364018_5,24841645_1,1600565_2
26362302_5,13463761_3,21946045_5,885547_5,2609269_4,13245289_1,21850065_1,13775130_5
15444161_2,3598666_3,9307591_3,7777187_4,14055703_5,16956850_1,17711391_1,1203790_2
13158787_2,10725752_3,361557_4,317801_5,10429587_3,16009289_5,7607467_4,8597890_3
4840516_2,9709474_3,25170510_5,9484498_4,26252503_5,4314210_2,12192756_2,1792684_2
17411131_1,7883674_2,15925820_1,5369427_2,11500832_3,3968293_5,24967270_1,7125584_2
11406657_3,9862615_4,9230387_3,1307422_1,2247248_1,13025977_2,4357870_2,25926234_5
5912821_4,4011995_2,13270546_3,24784079_1,18362441_5,13664691_4,11233028_1,3867018_2
16405349_1,25179772_5,4374412_3,16401032_3,1091914_4,5288736_2,17767957_5,19823719_1
6138166_1,15582498_5,13465040_4,6153869_2,6290217_2,14072377_5,1930841_1,16452723_2
10192117_5,9275982_5,12076722_4,18265955_2,11559225_4,4583552_1,26792064_1,17697785_2
10256187_1,563522_2,7948636_4,26298570_5,15608588_1,14360050_3,13619364_3,13467823_3
6877762_2,8902961_4,1709336_2,1740755_3,11313443_5,9930806_1,6564373_3,6962360_1
8312957_3,17082199_1,5758047_4,26390650_5,16481399_2,1489082_5,7189827_2,12809625_1
9700223_5,23430935_1,15517620_5,20526925_5,23016151_3,12949235_5,6073728_4,17575484_2
1765859_4,1991199_1,5777892_2,2699906_3,4424864_2,6717898_4,1544109_4,20618316_3
13638509_1,21561197_3,12064527_3,10372520_3,13250050_3,1613462_1,6338144_5,2211218_2
17157519_2,24142198_5,3711537_2,8753985_5,4479326_2,6661202_5,15567309_3,26541544_1
10162589_5,9087297_3,24733987_1,1783338_4,7025334_5,10436791_1,2285882_4,7504322_3
4897351_2,2892194_2,8790135_5,26792064_1,6515070_3,3077193_1,7132765_1,17130101_3
6964084_4,13837975_1,17187870_1,8547876_3,5637810_3,9993159_3,6399975_1,14598192_3
11502523_5,14555477_4,13435371_5,28584111_1,2047566_4,2145053_5,8279735_2,2368073_1
14559100_3,19993748_1,13536385_4,2731841_4,10406552_2,9535050_4,23371164_1,19754994_3
19356163_2,9130378_5,16439652_1,7224925_4,6995551_2,16600425_1,16932341_4,17797216_5
23404771_1,7869335_5,5978903_2,3423922_3,19172995_3,652707_4,5691484_3,8603569_5
6509479_5,18159420_5,8183645_1,22590173_1,2398488_2,15292162_5,8862667_3,18927643_1
1239038_1,13727701_2,17227727_3,15746276_3,5338237_4,18367544_5,23324550_1,8923509_3
13486249_3,17130737_5,6261031_2,17053053_3,16114392_5,10004009_4,20953049_5,12291530_2
6936340_2,5387469_3,10753513_2,16748919_2,17615512_2,10652927_1,7213256_4,8531583_5
24121730_1,17399941_3,1020919_3,21649809_1,14489002_1,289477_2,9289657_4,12500714_5
4780419_4,17035180_5,10836640_2,15977351_4,13871943_5,14884125_3,1737485_1,6274678_2
29265738_1,12358219_5,12435163_2,12364018_5,22645403_3,1865823_2,7330454_4,10651832_3
15624414_5,4333245_5,2737310_3,528455_1,6842829_2,3910956_3,10351718_2,21537947_5
8326952_4,5379146_3,3301023_4,15522646_2,7486296_5,11016893_4,16963177_3,23520352_5
21580887_3,8207370_3,15747881_1,21093049_3,12733860_3,4883840_3,10390950_4,15707850_2
18095187_5,5125488_5,5349213_1,20894712_1,7786985_4,1411128_2,5783043_2,9917023_1
17859465_1,3210495_1,1723546_2,5454505_5,4154141_4,1193505_2,2014746_5,20379636_3
21860601_1,14010774_5,14783237_5,15790150_2,8004246_5,20540692_1,5713046_4,15658690_5
23758928_5,3586459_2,13833504_2,11973202_5,4953986_4,7573543_2,29573719_1,10800429_2
22744097_5,23494111_1,17975974_2,13873082_3,9978633_5,7452227_1,15026178_5,8850355_4
12193999_3,9713830_3,5379724_2,15681381_2,26912662_5,5953410_2,18597781_2,11852450_4
3449328_1,9025049_5,6114244_2,27385493_1,19723709_1,6455176_2,13349859_2,22094544_5
6384167_1,26324533_1,21098127_3,18773093_3,17301593_1,7817006_2,5762849_1,6918703_4
12771407_5,19720546_5,4277238_2,8654704_3,17561460_5,6148644_4,9200615_5,22866664_1
10248725_3,80062_4,10403149_2,1091914_4,24904746_1,18797396_3,9770232_4,12867587_3
7922098_5,1704592_1,4900510_1,14734242_5,11775323_3,1020919_3,13761338_1,3882258_4
1550517_2,25100961_5,12151406_2,5921005_3,15876003_3,16227348_3,9856363_4,5996396_2
15935572_1,10734576_4,17140892_3,7215022_3,13449103_1,23598540_1,9487712_1,146942_4
2870782_4,15060758_3,22868280_1,8073669_4,10641619_4,17496620_3,9442470_5,10809120_4
1613863_4,24522389_5,26138558_5,11598926_4,2140761_4,13211568_2,5317399_1,13871943_5
5512224_2,25590999_5,17511836_3,9123660_3,10612132_1,16778960_3,6656555_2,8296239_4
17390220_1,3744717_5,16907606_5,8161111_1,20552534_3,17246596_5,10507350_5,8406343_5
8060200_4,20389997_1,9528741_5,17902187_5,12891691_2,16083333_1,13681396_4,740312_3
16096774_5,7036075_4,9882076_5,1287117_2,4056184_5,19342651_5,4237544_3,4980574_4
3672972_5,5100963_5,14342626_3,21479022_3,17426540_4,748208_2,16708288_2,24048604_1
11355410_1,15781627_2,22589810_5,4989510_2,9176080_4,8459573_4,16090645_5,11823002_2
10872296_4,1446105_3,4305397_2,23912881_5,13761338_1,22946148_1,7232951_2,2285882_4
10862751_3,1203790_2,22614956_1,14980987_3,17677747_5,771640_5,11559236_2,7112484_4
17464173_3,23243146_3,8517962_3,23126702_1,17171357_2,21685880_1,10893418_5,14601458_1
13511178_4,2997132_2,5863004_2,4062668_5,10951807_3,23093848_1,9384420_5,6312450_4
4000240_5,2191573_2,11644820_1,22394533_1,13355625_2,4411284_4,5436594_4,8420084_2
3517848_5,13480288_1,15519086_4,22829492_5,10855944_2,19375301_1,17271131_2,20139743_1
7350680_1,2702248_2,22170721_1,26707891_1,19908006_1,7137880_2,223456_3,4911057_4
5554193_2,15923141_1,13258114_1,11349938_1,10384952_3,5914850_2,4047728_2,11251978_1
3111040_5,26252503_5,4499627_2,13895695_5,21328150_1,11708353_2,3561512_2,4343683_2
11355355_1,22425889_3,26533635_1,12181524_1,17246596_5,14886894_3,18819102_2,13886771_4
5430236_4,13871943_5,3739815_5,25748637_1,6937019_5,10897898_3,15345806_4,24030443_5
18602664_5,5956525_5,9032779_4,6770560_3,4251309_4,11328188_2,16299100_2,4507337_4
17657522_1,2024278_5,740496_4,15429654_1,8732612_2,10162588_5,17068619_3,10060506_5
8777495_5,6170031_3,19231920_1,12647900_1,4422657_1,12871271_3,9630844_1,3061377_1
11668097_1,1098822_3,10088842_4,9497792_4,15026178_5,19523459_1,8353962_4,11091689_3
11088886_1,11600404_5,7496361_5,22457990_5,15110092_2,8662004_1,723262_2,12985676_5
20119762_5,23032273_1,7695762_3,18170392_5,17123944_2,2825207_5,13041929_3,5644039_2
7557591_4,10154374_3,17030100_3,4154141_4,21750846_1,8260820_1,2023420_1,18495493_5
19439140_1,159316_5,7346485_3,15945873_3,13638509_1,13982540_3,1760323_4,15044148_3
9119534_3,9921788_3,22548727_3,16243736_1,16091103_1,7619377_4,7711369_5,14115817_3
23152562_3,7741500_4,24964953_1,10049523_5,3037445_4,13312915_1,5952270_2,2660128_3
16310601_5,21444039_1,7386588_2,24571585_1,15688322_1,5530304_2,9129610_3,13393057_3
11966074_4,919213_1,5807619_4,21860601_1,24121730_1,8420084_2,7821625_5,7124896_1
18098323_5,15811919_1,5914786_2,22175192_1,312054_5,2333509_5,15995652_1,21773601_3
16333143_5,23147707_1,27774429_1,6420907_1,10823986_2,5865658_2,750434_2,21516795_5
796880_4,6842829_2,12426848_3,6893628_2,13654728_1,25067968_5,7153177_3,2530668_4
6011514_4,2195885_2,16649699_3,13024552_5,7739777_2,24078942_5,8420815_3,13099798_3
112283_4,13737062_4,13896818_3,12461191_3,18286188_2,13775694_5,15616300_1,17871098_5
8037447_4,23403270_1,9573845_3,22732637_1,8138463_3,27936104_1,2870782_4,19899643_3
66618_4,3846031_2,2831180_2,14211585_2,7296306_5,3428135_1,26553574_5,26779842_1
624186_2,13349886_1,11310641_5,15649419_5,1222898_3,15358719_5,10529682_1,10865102_3
21839958_5,9889048_2,17604900_5,8560581_2,25591621_1,4946123_1,6094826_3,12949235_5
12898546_5,7653597_5,23423974_1,22866664_1,4369733_2,18056253_1,10774962_5,18985529_5
8014458_3,7033033_2,17561460_5,9889048_2,10664266_5,15516692_2,10848970_3,3111977_3
29010718_1,11294609_5,16164141_3,1822620_4,11765681_3,3754001_2,19983414_1,15077355_3
22596064_1,12977850_5,15372850_4,1867483_4,21462258_1,2042673_1,2842380_4,9002189_5
11087022_1,20723192_1,9198678_1,4302870_4,6141914_4,10525311_3,9060035_4,2880129_4
2585075_4,1380805_4,19358239_3,17378842_3,19456184_5,17866796_5,6160847_3,142453_1
10570794_2,16114392_5,875169_4,22886784_3,13514762_4,3882597_1,6118859_4,4970838_3
