sim39,sim40,sim41
0.027369022186611913,-0.08229583080477637,0.21621336321237955
-0.0024987736055917397,0.08968877553860209,-0.03752698642615737
0.06792225246285404,0.08579665882153333,-0.08287825405736819
-0.024205748948907712,0.000974533147420837,0.03496227901215145
0.08014923881076527,0.00017656585780278033,0.08671543611999644
0.04285326619859612,0.049876698576398475,0.09647006403877045
-0.07190957216795739,0.015181414833885421,-0.005064244275342774
0.021493129406455997,0.01347573077855799,0.2502970038726648
-0.07948713215638117,0.043386995008948825,0.10340251017904925
0.05736820386052002,-0.07944300323204057,-0.0255379796435512
-0.03394509860318264,-0.0038486455275459097,-0.04511956260711464
-0.041844138261783154,-0.007466923428325112,0.09720228988127666
-0.15195873199142138,0.12394672115023697,0.04688877418680806
0.03143444023925806,-0.1548358649657706,-0.004463334977525041
0.034288356924141596,-0.004485279958212677,0.18211280829880505
0.17596968952870318,0.11572839128270643,-0.12279986084637325
-0.19924144072323416,0.2527056926708176,-0.06078838418889048
-0.020960598273031376,0.048952017323782494,-0.15882215830121119
0.03049918186295523,0.047817362424883485,-0.1339746265393956
-0.03426071464135953,-0.10957789001175283,-0.08720724961619723
0.05551984024209903,0.02204046409171119,-0.09114320759238691
0.01165340667463579,0.033348788452143445,-0.010626421902574701
0.07729845055351844,0.05429224530849672,0.008095566509599033
-0.14395922582718843,-0.020572527460875446,0.015811039291052813
0.0379115383101705,0.04906308704012571,-0.009400767834379273
0.07367977557886936,-0.1302011804016249,0.023842411465086127
-0.05320710351842215,-0.1796963402076507,-0.14026702030611535
-0.04089477355402658,-0.08455861457233309,-0.05963726537767405
0.13532652584664936,-0.043679038124793214,0.04607330734496112
0.1390679332558654,-0.01599860156652488,-0.13723602747054
-0.001422838147331988,-0.04049528024633051,0.183618038772394
0.01879237212356288,0.22253233248669516,0.11882659217227687
-0.0770811665341935,0.003687222028932988,-0.0008079542994953945
-0.017774539618054117,-0.10914842376196465,-0.03267382538837784
0.12970612788841593,0.13846865460755275,0.15365274686316938
-0.0937381815868086,0.01389097940468222,0.1586736632031026
0.007870485644855827,-0.19597460835602484,0.015237621154341466
0.056918993488822095,-0.005593883897944479,0.04655357014592311
-0.14340598949227096,-0.1541689870495123,0.09653568558374663
0.07225985545412235,0.03610132603704778,0.0609235617525479
0.12611676733712227,0.0024478762392856597,0.008081884195735179
0.03759546893047442,-0.15956717185421,-0.13804974751863044
-0.08340433715300832,0.03554574066228303,0.05779950043018598
-0.09787845468835546,-0.05072020484536072,-0.05393133342521892
-0.030061055091248484,-0.00209702103206532,0.12052989052397692
0.04544146445487848,-0.08572371089376188,-0.18740440063824199
0.12198621074095824,0.041070793421643444,0.16572659352371633
-0.0853989840376555,-0.07855186417369805,-0.07683546455239323
-0.10292474805346932,-0.019259170380116337,-0.08841295015698375
0.0063546373785035365,0.022858433880082824,0.05888347669196492
-0.06469371584728369,-0.03972061523284195,0.009664311367924276
-0.016409384983882908,0.033001608748323655,0.004846238128443546
0.0550373294185649,0.039820665504164576,0.17711450122103226
-0.08070626668103315,0.027469015125194136,-0.094311580615363
-0.029711489939541775,0.12750609441034924,0.0725340063079587
-0.044277564236200745,-0.03319630405567335,0.04855654214551741
-0.10065407254986392,-0.07716362497734283,-0.009051023215229199
0.1655179280332512,0.009699572537431733,-0.0064091472088657515
0.11443408321955267,-0.12783252337909742,0.01365449472862803
0.015186353745552257,-0.10649150500663891,-0.0413732973805612
0.03664536051422492,0.04143946072253671,-0.26201327090241694
0.04222343063690801,0.10552521873261889,-0.09346795291769423
0.12734050019226323,-0.21168608455661453,-0.06765525195366778
-0.005611657405477829,-0.05511928765308454,-3.106286020859568e-05
0.06522728249777096,0.1920156885597156,-0.0670045399288149
0.1591465243124077,-0.07760547236839811,0.016680694563216743
0.017424099969593012,0.12842870094407022,-0.15642303999827636
0.14532815286892317,-0.2053547142429084,-0.11293203947344349
-0.10880017751351351,0.09264809362028191,-0.059966972197155445
0.13219438127214025,0.11734003938637966,-0.04012404161733754
-0.05927567516197309,0.09823045743120652,0.03567066722229294
-0.045217646287881795,0.12817463434002302,0.11125335096063552
-0.007787493502241004,-0.0290563860120152,0.021247324440496977
0.1822744910337546,-0.19538643354137353,0.025610262362200945
0.09641565786666309,0.0967487327642501,0.12253529849725092
-0.17514684189476987,0.017388688010585934,-0.05241659579775836
0.13764027193393066,-0.11907695825684111,0.11021019630900769
0.08566779546055316,0.17039071266780348,-0.02468947280314275
0.02416083492735756,-0.09727082964779245,0.10317611819377137
0.10957140225681997,0.07226005604666694,0.07911672609895422
-0.006603579073014544,-0.0912974349405293,0.0786615258285684
-0.1223140379839258,0.20467490429988033,0.07301874726335324
-0.011243667060590816,0.08691071018970058,-0.07718421571703893
-0.041213332594370156,-0.11188742071736042,-0.08651945814004043
-0.07415155436977441,-0.07940888108901406,0.1658296433771176
-0.03761694158314516,-0.1262315997986533,0.08985888233806077
-0.18269725834149445,0.01413876905078789,-0.05013086923780691
0.00198736093847911,0.08716643018420732,-0.020708156030774943
-0.002362422948320788,0.10712875328793947,-0.011957141459806604
-0.018921205583997312,0.15997306576274803,0.10527119264365917
-0.010721356029383922,-0.07224436533560182,0.2289582241376903
-0.1414491769354822,0.055219967020822894,0.03650042233341693
0.03606564591265983,0.06570492278436847,-0.04713038082683529
0.08585133464214949,-0.10972187430419222,-0.09512701993855581
0.25079893258825353,-0.11373846654532352,0.06808857398238609
-0.1435458866686182,-0.06940072201327091,-0.10994626578773277
-0.006188865425922601,-0.01169707880615677,0.11319725163309423
-0.09960916378747453,0.06577624613285214,-0.02463492544615212
0.00264467634773827,-0.019163392574563454,0.1580093433486569
-0.05952764726434863,-0.0882149629983506,-0.08233527383393605
0.05556026238657396,-0.028323869345510566,-0.17167927610787956
0.10205756451462887,0.08788686765554851,0.03996082663662903
-0.03573903037436645,0.06594738321001059,-0.21812841991651602
0.08533378580387246,-0.12091975433313805,0.07269566977736057
-0.25092298048312844,-0.07989938380636574,-0.1724339231324622
0.05301775533983219,0.04001737989315937,0.03592796158784477
0.0029500861976798805,-0.16542343977194102,-0.09056145873182692
-0.08649311825255301,0.08384467009548296,-0.10642253965433734
-0.24221577045115894,-0.07512277430200824,0.17450510650207057
0.05665049499547545,0.02374314888786562,0.07083933765950705
0.01874525283199085,-0.03696274462290907,-0.06874359215160977
-0.013758084530288435,0.20200363522561093,-0.04907754420412645
-0.04645477540234353,-0.07956580885478776,0.09502580103664274
-0.004212305987800804,0.013488864565590382,0.07685200344828327
-0.07444674780089337,-0.10855738126463782,-0.09283716102397589
0.14655496275392654,0.10989200031349532,-0.10899551041859307
-0.008718948930392849,-0.09952662692352404,-0.03951097565431609
0.05422678195297309,0.14348546132290316,0.03209921418708703
0.08639826303910372,0.010143346559599588,-0.09420611789572457
8.811766430008328e-05,-0.06531513839301983,-0.05990329838250111
-0.12770798079844456,-0.16686131856819514,0.07104739020586069
0.05328241551273008,0.09174289548263662,-0.25506592318130344
-0.06500499892347278,0.25168480024143125,0.14839460817765404
-0.0919805024588234,0.033656992901858494,-0.05823594887152651
0.03253965611068476,-0.1725202299631135,0.001013949901952406
-0.3253257893023229,0.07310108310908693,0.04129216884578445
-0.009066706190096615,0.006887942915398904,0.10022189206508392
0.08733600266336164,-0.12269552796131351,0.07571627815498835
-0.004508874550648307,0.12510644465996584,0.1047402310158923
-0.28174388187094423,-0.21993310726352766,-0.07668647115687438
-0.057546252496302255,-0.12589268972802872,-0.08359293688815278
0.02310236221455069,-0.11757554639098589,0.04645855149383237
0.0512496930129315,0.10555390942080395,-0.04300659514220765
0.05025105662451465,-0.20033942662588744,-0.013052313911467378
-0.046045195340208914,0.016574790211279968,0.1828890463783884
-0.12508879722186586,-0.030498587937766494,-0.06729842356931212
0.09187076102914557,-0.06366183748751124,0.03944108305445127
-0.031964503873169965,-0.030952812658145968,-0.014083405014226348
-0.21822019795702988,-0.06219096397919499,-0.05662745625916152
-0.005581440582142649,0.03810971825249868,-0.0007131737010745517
0.10015313065531072,0.10972534235102638,0.20971561165089253
-0.10409019473140552,-0.08791777453321875,-0.0482915052397696
-0.029155812764395175,0.06492975348462517,0.05982701820209196
-0.036409864264691026,-0.0687086537335046,0.14009552406523368
-0.05113614308844821,0.016430263053243944,-0.3244349803416763
-0.07404322904390359,-0.10260553302861156,-0.01482476621501647
-0.07282359755754234,0.1770991780705342,-0.17089748083983447
0.05737614844616711,0.19610547041001558,0.13509327001410462
0.008422781478392993,-0.12137392165137405,-0.19023172383228837
-0.0285644570401431,0.06483797950711777,-0.16773243481819386
-0.02361447221107192,-0.014502369067165838,-0.041932303542768966
-0.0367155948538648,-0.03565268692982579,-0.0743068917520551
0.013315390731827218,-0.20162654352049622,0.26577419322954315
0.003340643696856432,0.09353389632573139,0.0916260068836427
0.015319294054653591,-0.27709289760056305,0.03272884994329699
-0.030222016000633473,-0.08920390218559457,0.21405829872741933
-0.03103754105085812,-0.1871507280722907,0.07067344081376935
0.08941723476900884,0.12175450354577888,-0.010213872593314181
-0.024332816128087863,-0.07199646951931238,0.12112347720069357
0.050146501156812275,-0.11295514588171217,0.14712591687581092
0.020891259084068844,0.047794505743970664,-0.10766104520913258
-0.03169655524523813,-0.024787501508352013,-0.04561181171780315
0.05168764003031759,0.10603214931205196,0.09709334790549255
-0.0032799906631282016,-0.05046941376862138,0.08811237515003051
0.05943496328070435,0.09588338766149622,-0.07985306666253958
-0.011181790114455668,-0.06953680878110648,-0.1242662304731595
-0.09028452656621161,0.1524513214493105,-0.08142722884045046
0.025548435522221854,0.10363603174259045,-0.027102882387257707
0.12224119827464247,0.020670986909585933,-0.06470665215279377
0.018898963875063905,-0.05656424445527883,-0.2149412116634303
0.15583331421381857,0.13340053293069004,0.035006368055115464
-0.11989293651531592,0.02598626651393803,0.16827890097068654
-0.049175267812834315,-0.10444105678281038,-0.011197167698380459
0.22048685075064675,0.013046681834648447,-0.10691103678031295
-0.14381848435845063,-0.06499334748786019,0.10812595406146995
0.07528553880587048,0.10045198586641797,0.019827252291887563
0.03757116744379619,-0.13611734355951455,-0.007409575958334625
0.0771750905223183,-0.04854613818816293,-0.014814667184462726
-0.0560997523719626,-0.06871227498769802,-0.0785026248058785
-0.0822055581710543,-0.021724325551829404,0.07774989942958672
0.12077251139171974,0.11973872954510106,0.10539215769220996
0.12086719600900049,-0.09369099094006769,0.06521820342771596
0.07443504520760856,0.06881611451543937,-0.07573109626296293
-0.05202913814880077,0.052802475540850116,-0.05274478290495525
0.1583374518713434,0.13096217725252216,-0.05689907524592518
0.19687812839155494,-0.10819342783881135,-0.28160093546137815
-0.09381517848318793,0.10741445777642311,-0.004862949236314003
-0.025732220168138687,0.03409576739824652,0.017089367218205195
0.13855179205657286,0.0325555818375153,0.027211465135639348
-0.012606511365855633,-0.09795573589046025,0.03798485504151394
-0.11108943204433618,-0.12062736985134614,-0.05152775265232654
0.13425687852197882,0.042152617807381276,0.09340370329804709
-0.05222684915023053,0.16510045361356362,-0.1158841222202704
0.0369650748729301,-0.07195875630657554,-0.016394327784031233
0.14923668117022498,-0.05366437358567383,0.11214411019749614
-0.06092243000566047,0.06705959634874897,0.058774453829736464
-0.17420099177730322,0.06468982312467204,-0.10221461202107747
0.36687449089712015,-0.0216975838966722,-0.016978332646143495
0.121709618414371,-0.07940477519215623,-0.09232521663791615
-0.18776524229720531,-0.13462524769937004,-0.10288541320314809
-0.0950366536087291,-0.024991835159714565,-0.15285046643239247
-0.03387598200877167,0.027862418320006594,0.03184829305523709
0.12295033814314449,-0.10034489837333754,0.026852640537545117
-0.03532046339543676,-0.0019678308128654527,0.0816796234764266
-0.017439251220199205,-0.1000398080243295,-0.0445321060309363
-0.21911736892326933,0.023435165828611586,0.1298145198820688
-0.1159547050875764,-0.13538777057143225,0.0581619541188695
-0.2797837375326527,0.11466572039134473,0.11814680796549551
-0.03224497180524443,0.08265472719391298,-0.01465225473265954
0.15083121809403333,0.12072231658768234,0.062203315344983794
-0.19873200213990466,-0.06175463615614976,-0.002760754815875928
0.052539061517541875,0.010021529098241083,0.06541648211807899
-0.05026033716946218,-0.00012545826700542453,-0.12310703034384285
-0.14884231509822887,0.08034416954182544,0.055616798013394565
0.07986056111429417,0.10083021211983992,0.19006377161349666
0.050929307764055215,0.025274679333957592,0.015542097221753745
0.06390760172624098,-0.18505105988101067,-0.015130731810201713
0.018836518465144017,-0.039882158512116586,0.01873240081371975
0.09829735086640556,-0.023856540604841176,0.012869649690324989
-0.07285953829911884,0.005301407436604838,0.10269795420439246
-0.1315093974454222,0.0008122313282867534,0.22275389750588623
-0.11582153217427511,-0.13146249791828105,0.08424390039897306
-0.06179013837061712,0.19859401814233538,-0.10925946250260164
-0.15805943867100855,-0.07373522796778155,0.0068140020004496555
-0.07506988984692187,0.08584566150003659,0.029464321720416423
-0.018583737657637697,0.004369675495606,0.1722833447492311
-0.16800128346846593,-0.00440930773493189,0.03387513041409478
-0.14339716864099095,5.1564916537705983e-05,-0.024432539624291073
0.12842260477146,0.01902741260594125,-0.12663265203396254
-0.10284280821109577,0.05479953216644114,0.10435418151323889
0.1226914897317548,0.1736056557377012,-0.1965920466140694
0.10836632389850112,-0.1281577161713815,0.21620665298308742
-0.05469745563992896,0.11732223519649623,0.031683268665700315
0.09535213936630083,0.024189633608300468,-0.045027304528183994
0.0896456264077855,-0.06701989201091778,-0.17260263503247833
-0.1637077802211658,-0.0742803346659229,-0.020678011890608566
0.037493658124403424,-0.022509289716145187,-0.11488486826702332
0.09154596576469999,0.08498985557595046,0.06385546054564434
-0.10061743267821771,-0.0821306700138437,-0.11117801830527783
-0.05767697878676035,-0.01767192359477668,0.021556650290725135
-0.07022602422992351,0.09188632116961298,-0.04477884421750861
-0.0261113334691794,0.019373480331102304,0.22278447146578395
0.0005139257745463511,-0.027774118482509533,0.09980148974336824
0.09715609948005559,-0.050649257548344845,-0.006393296477860597
0.19760790030137076,-0.08609340637394272,-0.09577827603618268
-0.040017796196279,0.189729202033049,-0.08231365804068597
-0.20329602663956503,0.024342121148169332,-0.06249453735976736
-0.05983141857999988,0.021499154862436476,0.09991962524253183
-0.014701118846775644,-0.21138783525072907,0.08993072590900053
0.03994297253069672,0.120789421630947,0.08102210348211487
-0.07960973321044466,0.23140901404928155,0.08930414801499602
0.0011979228644803776,0.04292984990194052,0.013552109402495606
0.014952213821475286,0.08531842137773116,0.10320871897249194
0.03750298799213605,0.18593824483140425,0.1789565728488205
0.17020929124691794,-0.0030454382481873107,0.05697920829925143
0.13610369549338341,-0.17412808842710636,-0.155999010983973
-0.053980676025300434,0.07196555771923772,-0.04446253088403074
0.032480474152810725,0.10994235520970147,0.069985657498083
-0.08678879945962971,-0.07196415850343549,-0.0008971842374356945
-0.06310610569614684,0.08554163527838467,-0.09130511579776615
-0.07703026440341362,0.036237420229740636,0.07130844136964747
0.18587543739900816,-0.10133932757321623,-0.1878130543028961
-0.002735382096733005,0.06897256831092975,0.034456448486740406
-0.05733790342811547,0.09763919832053913,0.007246934288995523
-0.07173079340369824,-0.18264222393400242,0.0702157357401649
0.037913973623449115,-0.09552169442839337,0.004500852586840464
0.012898511571402777,-0.06989688830558795,-0.05065094469946938
-0.18123104637386625,-0.11370048570987445,0.06670736121670644
0.08604236721981938,-0.007883771112186766,0.23587609091879203
0.025091933987362994,-0.11913140842782222,0.15318547278018554
0.034002974828874294,-0.2237737435867241,-0.0949553202026225
0.11376310348980292,-0.04401447882091919,0.10319978265729723
-0.19253742001181362,-0.035971519317961054,-0.02151243972064868
-0.025555878110332338,0.09131470235388686,-0.08240603958669651
-0.23923942584159752,-0.062329075992818894,0.016727909247655045
0.2378742422974711,0.0014164457956320157,-0.09282751630475353
-0.23580438883738142,-0.03142384856943544,0.08337210441179332
-0.13591465354044366,-0.07770094853759626,0.05291707947939618
0.15081611691102026,0.09551577572896995,-0.06325034154548602
-0.08515728574470378,0.1483010445141579,-0.13505144997859161
-0.045329942013572135,-0.08424376184066236,-0.006460841763005681
-0.04687053984764827,-0.12689734300335678,0.05577256489109725
-0.036288901502287536,0.03191609055746081,-0.08834245217742896
-0.04536583340385987,-0.07495693042703065,-0.11564944312082069
-0.1400728694499548,-0.023805936891947672,-0.05957010713405462
-0.07408636374354464,0.009393224889486435,-0.018041971021948728
0.10999915024609844,-0.028724192083825623,0.03937004100585903
0.03536022443139905,0.1360072865970988,0.024578309252877725
-0.04656943300395109,0.06459090292479995,-0.01335465542991874
0.047538648779637566,-0.02027325337322909,-0.07383133134056916
8.97124810224597e-05,-0.21174553740687801,0.07322221876242638
-0.11242619071682546,-0.11021360699687988,-0.010480270626610083
0.1245464474996793,-0.14774081093071798,-0.10407585617350282
0.0014515310800719237,-0.01521472521946314,0.12097141271689948
0.05413633055261402,-0.10195537542612557,-0.12863940310409966
-0.12473022859773786,0.01897253816134867,-0.06644493092883497
0.00898423135497513,0.1380818335816719,0.07606359527659506
0.10567077500218701,-0.04471618793864058,0.11873820405484795
-0.09992638026368039,-0.07033849068157585,-0.07464589431758517
-0.030301794998480798,-0.14697222614487312,0.1938225220706416
-0.0035528426721875605,0.058055700188371834,-0.163760485007738
-0.09193987259842391,0.012124528276611798,-0.08868107171415847
0.05260845200846823,-0.05182632801106357,-0.013656106727473097
-0.05535120341475374,-0.04431508539169665,-0.12666316838658973
-0.017535512567752567,0.07841753365810697,0.05025770922210826
-0.10131596202544194,-0.1900257768842053,-0.06704774220670778
-0.038808525937810985,-0.14889312924151163,0.1234839934175896
0.12187571191380782,0.01652262441694055,0.00946988282988636
-0.054829462994039825,0.0061043805912596,0.15976687638731596
-0.04539010485473896,-0.111039165171069,-0.13948405775232478
0.02150253448293654,0.02236095868643204,0.01847043607949958
0.0053314431705838786,-0.102695083972621,0.12077586277319269
-0.0594036486783882,0.028119813644213145,0.13578121185789657
-0.04422144580866879,0.07759707049089687,-0.1453314643805401
-0.07250659475731948,0.18234777920624748,-0.03544743731411531
0.13325847347259806,-0.07566244834906619,0.16946210842029494
-0.0050376438588880515,-0.03531901791292027,-0.10116876368823785
-0.049864945604748086,0.17674774076626998,-0.039215995693457774
0.09114020539063157,0.03199636448341099,0.32920107116958724
0.0507953478113961,0.20710151495826323,-0.1282120914419616
-0.04746504569890986,0.05353082208734039,0.022944967335208382
0.07988906364407398,0.0653153687341314,0.04383243602844997
-0.07801904918260905,0.0005054122128644651,0.03632693971251406
-0.013434872369567592,-0.03572018941632421,0.12018272179345287
0.09677291160965382,-0.1863871150305837,0.058416392548701505
0.18916573807851375,-0.017248839551834774,-0.1847259031703482
-0.03452260845536425,0.0443958338336655,0.01010824813121023
0.11514884658557885,-0.13251952284951332,-0.054477498365075316
0.08543847492871047,0.06350457559612846,-0.11234433956418716
0.06337262061958725,-0.20859185737282115,0.032911549820916215
-0.06954388571435095,0.1153954157393115,0.07787923555262266
-0.17932575222689817,-0.2437596338697785,-0.03487372017013753
-0.02656480210272956,-0.06845673625888436,-0.13807885825251906
-0.03245248921991594,-0.010021641701191712,-0.15546112146096672
-0.04532364197484763,-0.10016796644156599,0.049210419878950334
-0.017805289284159087,0.07257697355130087,0.004941045423501812
0.09467295504374232,-0.13369800846246294,0.23309800265954062
-0.07933344185549472,-0.02210982072509852,-0.07184175513113293
-0.1357221253851075,-0.03345246558130692,-0.07126696783728324
-0.11342043322443672,0.06490468062063422,0.048441710971922916
-0.10236981487161219,-0.008480688160602271,-0.1448054465079873
-0.029122857336401377,0.02802095979879885,-0.04573586671214858
-0.016803083525043484,-0.03249539005434312,-0.13052334517545275
-0.1154839047577122,-0.0730310043939301,0.08595363050574689
-0.016004375602079467,-0.04246790739381283,-0.10648281215461744
-0.1255938443240802,0.019937316547722374,-0.0019278402637530952
0.00707900521457269,-0.11925831856459056,-0.028844494353289986
0.12125994883237559,-0.006053932381185841,-0.0906944729775583
0.057339659177593705,0.1244695640370339,0.23241155152218473
0.1191869221431883,0.11669301269944432,0.046997118477745764
-0.034204022240266196,-0.11819871195881249,-0.10493861548743455
-0.02038775350513066,-0.058809214380503454,-0.12064881287756267
0.15011731184955365,0.13757444948411687,0.11642813202420187
-0.026528137884017894,-0.16911749974509502,0.15096991159441897
-0.05670847286723612,-0.07384241409230059,0.037195016397788314
0.046135489634533206,-0.05876516941438845,-0.10608758663872722
-0.04181379741280042,-0.015883727272784066,0.13054229822124155
-0.19990492164672666,-0.051103746914564756,-0.01621694471119676
0.06352607355030807,-0.17092205330026758,-0.06304441241588542
-0.04000253967057907,0.01977697554438601,-0.03807465282667642
-0.17014044037310155,0.04481032213998566,0.1323029065615999
0.09386887005784966,0.038212851474206604,0.07117460895735304
-0.1143781528554136,-0.03864649685122265,-0.1780559822875436
0.04213343349990653,0.17969953851014153,0.02082083489447702
-0.004371024711480727,0.05920140341425611,-0.09188889204630474
-0.07135887553558778,-0.020355559677904533,-0.02520696378392119
-0.11640659976512757,-0.0693794831080908,0.023772012307409142
-0.054672064362648,0.18324497090465575,-0.17440351819430758
-0.018550829481610662,-0.06661153635560872,0.08546383167334456
0.060730475564656064,-0.040564632781677136,-0.027954038201267226
0.2186689967834914,-0.10851539556779731,-0.07786709297099301
0.08230644252234876,0.17078013123165,-0.05305257032949954
-0.07674625941982904,-0.20691473812069014,-0.09939601286613133
-0.05974597916787627,-0.03953804142027302,-0.00827425149944772
0.07984186369516734,-0.04768146602337811,-0.061130115473908155
-0.03117617610061892,0.05223025356573553,-0.0002270295856535594
-0.028559290149923474,0.21497841300066067,0.08162911620477314
0.08890204636124628,0.04686268296705412,0.047167192822233764
0.07658545304664574,0.007444745081714287,-0.02054139916181269
-0.13551606797505242,-0.012096474635063935,-0.006053804860480087
-0.10344880850268245,0.17179564760571286,-0.006206894621405503
0.007338682072782682,0.13827720359163873,-0.10729459939885928
0.06211731325464555,0.09545932917773928,-0.02854812933498932
0.21858357139622347,0.10389241075682992,0.0292966938422509
0.05781557053044265,0.08785011124035125,0.010659729049150564
0.014237484145741773,0.02365252881319043,-0.07920355471342473
0.17318233649785733,-0.059351951608495296,-0.04662930314902887
-0.06428006461423773,-0.11164330245594277,-0.0013682979190368966
-0.09885791852241603,-0.04533781227508963,-0.05433375192361879
0.036541336193154764,-0.08293423501555747,0.09655564137572639
0.16270039054510638,-0.03518167458038791,0.0012875584458501704
0.17888615355065401,-0.15330698844541357,0.02245454807788058
0.1341565586076999,0.1041658922689221,-0.13471587177958977
0.182104429301011,-0.04700958529944729,0.09094282127337872
-0.014851743138522808,-0.013962508410429775,-0.2079417986011526
0.09592973899418833,0.012072215707562726,0.19288471921533257
0.0009444527219290648,0.11371770417888086,-0.12756384951675678
-0.13329006299002116,0.11799877124221521,-0.027860930506819766
-0.04521221530258934,0.05579030869307932,-0.030741559128278598
0.005970676821616761,-0.045779273499485205,-0.11837450628380548
-0.008014696275801514,0.09649564358881874,-0.05503561350672383
0.05720488256935157,0.08077189116071354,-0.04157823643940803
-0.050930966311054475,-0.08393961576552243,0.03186942752856096
0.03939364384905121,-0.06175669969807562,0.06626955310599542
-0.0630674076723807,0.13903312468831125,-0.02522991902925503
0.25874376845631003,-0.16159608325969535,0.02571889484616116
0.09811336318724337,0.10862546374764828,0.09542041795200255
-0.023104299934733608,-0.22143181739332463,0.12125207723709074
0.02951231326035469,-0.03237110530158785,0.15249875579370717
0.10435866691261274,0.02492609362740221,-0.12238104539273574
0.11377914336267324,-0.04782440317833976,0.05816760766585502
0.058570735612811155,-0.014644687160461401,0.3016484513771291
0.029793368064090234,0.03657091344529292,0.09050309457442351
0.013839552421490962,-0.06852273918073652,0.039926934456158004
0.1599483812774847,-0.12611956903190896,-0.18258973484699748
-0.11150862008853091,-0.20067919625332845,-0.07871239644944934
-0.01035189523702978,0.03718312618561644,0.01736970246269185
-0.061667045925049374,-0.011639045261895513,0.022219509179487774
-0.11978740906942319,-0.03195425422391792,0.021585263685607606
0.07130218929965675,-0.08673842179852059,-0.0750370837614171
-0.08573753944235268,-0.00623874074313244,0.0007618593649490152
-0.24638301613987945,-0.0008413185939932848,-0.10072689549203812
-0.10437976116416864,0.08921279161483564,-0.06182564419722453
0.03124911389450897,0.029543856545384935,0.06025795858958395
-0.31528986407366133,0.09364703861185251,0.006654725394703905
-0.0013686139437396642,0.058383113693395355,0.04434106767154989
-0.029624281600607955,-0.12018979329215088,0.08004980572428395
0.1176384260414847,0.09929932989292552,-0.009507110273884097
0.01865135380888934,-0.013491036773696567,0.06965113098226855
0.10906190850604783,-0.2626644646119309,0.0149531756310275
-0.2397074451640795,0.07218621198821118,-0.029515702986132732
-0.1866045207261354,0.10893742495291954,-0.07868408147473727
0.1936435300200568,0.14123432533475022,0.1962061906635712
0.06231377179574546,0.18419510785179616,0.24672693144960847
-0.0011835260669973019,-0.02088073923274919,-0.0908281674708598
-0.017083465816092772,-0.02940757989794355,0.10156584202639679
-0.09387492619876173,-0.01976244320877931,-0.10595170081890429
-0.10567143656511964,-0.16564869262173992,-0.0400258361375814
-0.41556586054563316,-0.19607637834444183,0.004433785247066917
-0.1669563211812467,0.014091215494769658,-0.02578495744602572
-0.15065808647287227,0.07775291287420355,-0.1272361033265287
0.04842771458268066,0.009103093425072028,0.017548578660187823
-0.1370213960060048,-1.4343408698889134e-05,0.0014896409615861935
0.00930469523135739,-0.17607716303419296,0.08444947514087175
-0.04256844812539185,0.22409639531830147,0.02154540994505117
-0.16194701899813013,-0.018830726664908554,0.14439752918556545
-0.07656610051167853,-0.07495668883208766,0.016234693789187
0.11642800654979708,0.09087693940992661,0.16757608327828752
0.03861450326960112,0.0043168523687887525,0.04973100188182862
0.1625990913782748,0.01582655685221136,0.008762030582543559
0.0832071027072365,0.15585540847730878,-0.08737816931744063
0.14591596938975976,-0.05513631937894492,0.16536897512687965
-0.030686777998643805,-0.06248008146210237,-0.0299122033898104
0.07853276848056814,-0.2499669932351136,0.07478923664097402
-0.15579953744611919,-0.07089039553681695,0.27681785909526724
0.2453311404851339,-0.008316096304253956,-0.16038061410896162
-0.08667032516475687,-0.022623685818173117,-0.10408520620887743
-0.027576699023007252,-0.03759929471753476,0.007985210584275268
0.03131777867050462,0.1417009403856422,-0.07116245372702161
0.0726541843914542,-0.05232217842703199,0.006098469096503134
-0.07614706687339833,-0.07622031582420052,0.10447817459458211
0.017692321463497113,-0.08094548287153473,-0.07135405328071381
-0.07537391431550206,-0.0996496442518699,0.0047832736885303285
0.15252695105655664,-0.0492342939866531,-0.04052564376732173
0.047891778065574764,0.02309289583595137,-0.019719138649035278
0.03815529248401897,0.004315266624127467,0.2339930123475242
-0.1946600913501056,0.07558756363566625,0.08085294634164437
0.008256088549321585,0.071535685405983,0.0939147162697193
-0.0518219993668289,0.1058574787567639,0.11494544522719033
-0.23144535971563027,-0.05645372474011671,-0.06495829872555048
-0.1408876457262259,0.13019061779671254,0.030267725433499357
0.0689052144165776,-0.01851429298722394,-0.09667759604682814
0.07723458047089721,0.010967352608758198,-0.03551046548016557
-0.06501788224203317,-0.036275991370780324,0.12447662964927575
-0.0308596707390386,0.0031990384398737147,-0.017915807161392107
0.013202307412256501,0.14655925078269114,-0.053216384196420066
-0.19424929061440988,-0.08543646234618076,-0.01276155120609477
0.04090909821657018,-0.0649944006690488,0.04091555550796714
-0.15255275580012917,0.08989212035721646,0.13432953741222206
-0.1343339195175601,-0.11823729994077575,0.027462541347351516
0.13026975722653683,-0.021091837555541185,0.046053797699453475
0.03645547720162306,0.03588484712361225,-0.04702803769141691
0.10358083268111809,-0.1114679661706281,-0.014274699805427466
0.10678857268750173,0.24403849604947161,0.16681053607043456
0.07677136076427565,-0.19673582209094773,-0.09100659937446319
0.0063619867035620645,-0.05992452172250562,-0.08658417610329686
0.0037901526665921025,-0.008218019425488826,-0.11027201433473255
0.08512696739595693,-0.17613181762743357,0.0775819239966917
-0.09849280575938017,-0.08919152871904062,-0.05883222810138631
0.10660318669656316,-0.1112213508699405,-0.15252758820921264
-0.1909208844039076,0.05902175888181598,0.03926641350295433
0.029725638831422443,-0.06203127113765053,-0.049174435703660174
-0.06712968628391451,-0.0469097389648932,-0.1509327447856057
-0.08421522043828344,0.022933909703416726,0.06574573851853685
-0.13914124379694848,-0.014944867250185543,0.08830329895558527
-0.07255727472253769,-0.15306900165445841,-0.12101657622250711
0.050538827355175564,0.06089906077193609,0.10716035770459481
0.050594024495969586,0.018822244109332694,0.07985572300580307
-0.0631311036781545,-0.07858961139970012,-0.01206108856283736
0.04024379911937925,-0.09377773107883688,-0.13775913449110672
-0.005320286804560086,0.016407732402257392,0.0526918124793515
-0.008622131071492468,0.047329103582453846,0.17072041905448507
0.11389883942289614,0.008811515130172155,0.2270439448838018
-0.011928959825033114,-0.10994134781348817,0.11829605323659927
-0.008537847526059036,-0.043427116358671324,0.17306912692951318
-0.12611494574970877,0.22469364506401346,-0.03194657102747182
0.0934642674553884,0.01965777965218059,-0.038054659568627684
-0.03178453376515253,0.03315999045140088,0.21959962736416686
-0.173398929175513,-0.004040895338313077,-0.010321109086736809
-0.1919843219748203,-0.02321955673788537,-0.13065016584442074
0.19009391390143693,-0.02578985619556516,0.15739190593744212
0.03471938480499482,-0.09973812573813674,-0.07663853235703826
-0.09152216468698304,0.12266593448294148,0.07238960090615384
-0.05237847671733477,0.20479863777173668,-0.008666122974505829
-0.16565919101413673,0.18551968563123233,0.021721887006744586
-0.14210926158574314,0.11107152251567379,-0.14609911380505686
-0.02164421716231388,-0.01517816798629941,0.003532610384958347
-0.04334497051998374,-0.04910187425906511,-0.12462116473026497
-0.14221451214262834,-0.2803683477735299,-0.05043264308438858
-0.03595211880183823,0.06801748900099286,0.0635432228357485
-0.07834694433487792,-0.023643475470479656,0.08664780829209258
0.05080172527202194,-0.1680970045528774,-0.10315239987560845
-0.20840777811106653,-0.28128234824807724,-0.02919428744877245
-0.0830442782626761,-0.18506082969873697,-0.0782435442072163
0.07647661034916159,-0.065244733416427,0.054484060336970674
0.0255794460639101,-0.06584447933750696,0.08305121776358675
-0.0036376807998070855,0.050277239756662054,0.0035591006329520492
-0.09978553295802613,0.08403605441409924,0.14310780593924635
0.026795605622649356,-0.18850978820305803,0.10196758479649629
0.09679477215042699,0.08461977543522022,0.0941781413272856
0.10900243542475554,0.02503837571273458,-0.020010115729694845
0.07785475553184341,0.0816970217409759,-0.005922111164351532
-0.18014559623715298,0.009387798957547978,-0.1039778437066858
0.1699031662910112,-0.1476572164279939,0.13849861009885753
-0.1009744307091455,-0.055497150694432756,-0.04646204459903752
-0.05388517539100717,0.0006954515904551757,-0.049898085801871446
-0.12289289185978086,0.09842696464738149,-0.05794108285771228
-0.047823134321435104,0.12994527431185285,-0.05101508097440685
-0.16113247992800347,0.05721207579758097,0.09557314159383504
-0.1862755907674164,-0.1572713817809488,0.3627530810480647
-0.15837228448042107,-0.16354276019887,0.01878223093927774
0.12440500531657717,0.026258425462412444,0.03329814288284903
-0.08433229707195483,0.055756770869558596,0.03137038617596372
0.011672921040440334,-0.06799613504913582,-0.11112692969089677
-0.033668414506486215,0.06401103354941161,0.008286588845498752
-0.1652581356931254,-0.08624881077300914,-0.04479677099021821
-0.1487643740343328,-0.013447673457455978,0.2064476083591542
0.03169439784238757,-0.042674012413579744,-0.02294019136949134
0.02338294765803111,-0.08595452780917116,-0.12544319848100202
0.013615223768422747,-0.07654355504578601,-0.07237955721273867
0.008355204235211678,0.16671620606675186,0.007202581258405132
0.09304276349691769,-0.04276692246024233,0.0025645328435538618
0.08899962975192406,-0.010443924759014447,-0.14378928545579522
0.024384993916142166,0.19795018635621678,0.03622598806139818
-0.04251330655011127,-0.03612703038004816,-0.03351136915575018
-0.1805052467782177,0.22673767871117853,0.08070188716190353
-0.07241930528235928,-0.07654765418631373,0.11895809979388941
0.10167077471261482,-0.1559078334754612,0.03150623457058631
0.0207469293400555,0.04957136078231984,0.03561734035310503
0.06590299934129881,0.03945790323702236,-0.008074224433287954
0.08497060276734386,-0.03970935747796607,-0.055737477853970735
0.07709012419691867,-0.2732356265519418,0.021684117401921665
0.026454776857833484,0.0716789384529237,0.028369367989895086
-0.07217303369180457,-0.05648518315561854,-0.14251982341475553
0.02653373213319788,-0.033427599567321664,-0.0409274873479962
0.05468239265778178,-0.14261347296536125,0.1802887976590133
0.015796073921112434,-0.09681589154072442,0.040343439094602196
-0.06227031605094807,0.19161192410426345,0.07028813953564414
0.003907014790520862,0.17335834056765598,0.24800942809521534
-0.07634019141268539,-0.02385890473985847,-0.06433231507455792
-0.06762345221421444,0.053336529553176894,-0.07110033824166137
-0.03728673451358127,0.006050312895912809,-0.1455286192331025
-0.04970094825751533,-0.08604594502820935,0.0008738784085933139
0.2524545192453954,-0.013733982621851486,0.11424073629711817
0.15598129229793908,0.06480118644873116,0.015518266171979104
-0.06308167863438131,0.12268476125768349,-0.05683144301881432
-0.0401410739770498,0.11319565679698035,0.12226470106556125
0.08157843501388412,0.04539522547865071,0.11808255546251585
-0.0414499189277245,-0.07177211460001046,-0.011166014995082038
0.040880205413873806,-0.06966857537975008,0.06740340663884713
0.03247653118650894,-0.11319345614034293,0.12029968951361453
-0.1773440803660295,0.04077208114785333,0.177902918375609
-0.09279182163734442,-0.016769510052806892,-0.13044269939429848
-0.14938005062939638,-0.16433658865668654,-0.007814116077665263
0.03248700242645621,0.01572531360249929,0.054431924908676
-0.013678798253649316,0.009685624378940173,0.14874753085151296
0.010276006675628273,-0.014067625716628316,-0.03848450544252078
-0.008598979145955955,0.0987953014533951,-0.08669222850633054
0.036120117878832673,0.0030842429191814506,-0.011069738214211509
-0.030847695861704744,0.031815396766778074,-0.1484647373954143
-0.03396811417923914,-0.03501201243358015,0.10308516081188082
0.22100635430403082,-0.058843840152880605,-0.09815758405264288
-0.051699082462069904,-0.14485840501343472,-0.03844185571052569
-0.014665090915535257,0.13445394142111647,-0.017852370995556695
-0.07981029176792961,-0.041709793339823865,-0.013436700632295956
0.19545705840177263,0.01875915490622754,0.037055382626361315
0.04173772815324053,0.06501770361675638,0.1367386686188096
0.025367614200880434,-0.09007735791650306,-0.14198193799265368
0.2345904337205641,-0.06817612482041116,-0.13928757261181107
0.027950197362945812,0.02609850234817684,0.09033525370475826
0.16763637497545494,-0.04879857455659976,-0.022450453012311064
-0.0045541157268409365,-0.03594432040424513,-0.009583506332275636
0.0030817217402390115,0.004817761051950923,0.14796102311348228
-0.02743242457483371,-0.21740336762710838,0.04098429566405031
-0.0069509066913300875,-0.020565306022282907,9.320472477532279e-05
0.20609722553950066,0.0881502801164345,0.10391826315754467
-0.035196462607804575,-0.036128054325687865,0.04018808677461299
0.12599269850495895,0.04907744753834595,-0.01786900800534214
0.16694442258852515,0.10401773229060081,0.011224432683910435
-0.0469088283982396,-0.09851619469442358,-0.08179875969646969
-0.05374574734220762,0.0971157935222575,0.1261578312812964
0.028512663965751264,-0.17026433911094077,-0.07362420868058997
-0.056895870308196664,-0.06180397640207618,-0.18295364091553776
-0.08757100811341084,0.11088418832832303,-0.005392812323527231
0.06677881346360845,-0.061724195441869883,-0.143736168647803
0.11181048326211783,-0.18608813280634962,-0.04833361770754624
-0.06031005620145247,-0.10510813841919711,0.007407200357151163
0.04419386529823343,-0.14414601103425204,0.0727222340850698
0.03398343839125391,-0.0698557640821537,0.0029769719540952548
0.05329121330129214,0.01334235874070699,0.060240029460709256
-0.053993469658343576,-0.009443471958130318,0.17813474727471956
-0.06030458131124248,-0.01249078670843734,-0.06380924979407716
0.15323757356086937,-0.06842360906756509,0.025910623895795473
0.016401939757623205,0.07488441599334661,0.044710023819525845
-0.08207891225124254,-0.14791468046795767,0.08719353505633479
0.021527120088607424,0.0035545903330747894,0.06874513213199555
-0.051612608387765435,-0.009605621392840463,-0.1147850826111029
-0.11097135606378357,0.16354880444907216,0.041043127599840724
-0.19509117306754423,0.20761059804796417,-0.08802105427544087
0.07351498506649241,-0.018913691908405788,0.014275427638263139
0.034360377431887225,-0.1656997388483603,0.08754017821586617
-0.01489179215675621,-0.0360338339751833,-0.06171791754935566
-0.12106764997089209,-0.05713252222687856,0.030102006596166797
0.09145344957825768,-0.09771673844422193,-0.017014159691237516
0.10396414039848263,0.12897339526760374,-0.05376709192850148
0.08304364674044296,-0.11943970373760796,-0.06391168759693913
0.03562836822344806,0.21865297055003408,0.14065192878496147
0.0792643229937553,0.032898917445149875,0.1254552408938939
-0.07684473976827355,0.08397369303097979,0.15178270067731991
-0.08369811184374976,-0.07742408147810537,-0.028405872742255873
0.08704196523221519,-0.13094877673422353,-0.14272857569479291
0.12437409610176764,0.08761953359214185,0.00622394771212267
-0.14335025229646844,-0.0021438270446177974,0.004936277914367649
-0.006752959602704044,-0.012060400510351512,-0.044831011013350845
0.10160401952591949,0.06336133655456133,0.04292827015711068
0.04634376661494213,0.07627277173736297,0.12458062286050571
-0.10624192723034068,-0.12761012122388862,-0.04564734587639715
0.015758333360935114,0.1246727146934993,0.16865268564971783
-0.009863482981712067,0.17881388915610263,-0.017700865993444757
-0.12119944198264956,0.012957926474560606,0.036040384895580764
-0.03464567268144961,-0.18313538323181608,0.017844029727434926
-0.009324546225356634,-0.050826423438869464,0.10806407726663501
0.13497817361751097,-0.017688933646958598,-0.07421808394947706
0.05077138606077354,-0.033373646439347995,0.029416134832039344
0.04474320639327251,0.1128161182046177,0.015009670273944946
-0.07706897409449054,0.11511785377872914,-0.04463090482739172
0.14601988859816392,0.07179282687252392,0.11513854834846737
0.11314993386644252,-0.029391664652641442,-0.13846683854562142
0.0135747621053617,0.005192501258349254,0.11185872137630955
-0.14343814146564324,-0.09722340248066408,0.0710574799236371
0.09278444606590645,0.011183850560003886,-0.021680568974236324
-0.12282765705599592,0.10752771767351135,-0.009458657901842811
0.046315874795602854,-0.008050538200897442,0.012179223116335205
-0.19846549458307955,-0.11266370441720162,-0.06592453785314374
0.1875729987817021,-0.08513115250323464,0.012089881202340644
0.30200441197275796,0.036171516996021454,0.11203066846454895
-0.09712365257661049,-0.027525444512642012,-0.09760161084814854
0.12253013286740595,0.07576608197074851,-0.02560216070794711
-0.01626472266859397,-0.06746061048394196,-0.14462532368017905
0.033988678943548054,0.06450217162710727,-0.05091408759061921
0.024313833816575578,0.06262260007647295,-0.15483417536783078
0.10814336373300769,0.11367602679635157,-0.016662210945479494
0.052686366871396086,-0.07814363343192854,0.1466658100588669
0.14132686075676593,0.08580466727554426,0.01997216220374208
0.1427918631094166,0.08506413217207898,0.04405182468842349
0.025940367610146543,-0.02501630531045205,0.006751918308268912
-0.02501140887176023,-0.008535212327269334,0.07887080079465922
-0.05620329712691574,0.01430698283587949,0.2669654682170957
-0.02578030856564565,-0.0900895002837034,-0.004072857243384797
-0.06497376600243308,0.247470547623451,0.004923034888223064
0.0630062915916381,0.008701673375884017,0.09714470804290626
-0.08443647372644497,-0.030223340265850468,0.041964614299422213
-0.12181489837788656,0.02430938227879617,0.008270497374231215
0.12212243514875419,0.022024473823597727,-0.0010219846580153704
0.07937707152450786,-0.005556968816957396,0.14150196293366105
0.018777362981749854,-0.07301525595924005,-0.08217924844451724
0.04632250807496886,0.08810903381867241,-0.007025863758404767
0.07829409616528485,0.27583337216936304,0.06790785138431414
0.1546852978780041,-0.013675038724830316,-0.02909168182667976
-0.17106812719688555,0.09690936031543887,-0.06779382768289477
-0.07242624303209107,0.03321217865638182,0.04163849162845052
-0.07304859704069373,0.2318636147038077,0.0629151248793997
0.06488822027097338,0.0053952941048962776,-0.0549962415571785
0.18899309420318852,0.048193804624048285,0.008963729908064676
0.08800089499690006,-0.051013789717840534,0.1304823997515396
0.07799308976610259,0.1409926839098331,0.102457783635571
-0.06543386441578475,-0.03555116517581525,0.05988988077519172
0.0488397321701619,0.13945975198915547,-0.12887866825728486
0.21577940925794198,0.17099028914776804,-0.03091933091657308
-0.12505117201554192,-0.08804155310369549,0.007831814804647575
-0.0638506781459972,-0.008414010683360677,0.02117489917883505
-0.04129138333930993,-0.010602476316113498,0.03748471479883691
0.0842905193598825,0.10547814744821889,0.14642670771262187
0.07932244225148892,-0.07366303294780106,-0.12160976351346087
-0.04862834383751063,-0.15623900070083777,-0.0068886483970616395
0.03297672247545997,-0.06374685683688815,0.15551536410101333
0.12085538357525215,0.15689700296400777,0.02807511034974383
0.016921977891746594,-0.19120673625717644,-0.08637912535252479
-0.012180457136272181,0.2150601198403509,0.08909599403999544
-0.003151865522094291,0.11651628107398587,-0.159954683397718
-0.0702571980163909,-0.1319708341920181,-0.008986198076430531
-0.06219124157486618,-0.06921461861407902,0.10070316209414626
0.13325670070102028,-0.027890164859342943,-0.12100261695185975
-0.03769975571436943,0.03704840362826824,-0.01427583902427061
-0.005957846918563674,-0.13082572968042522,-0.12677229605309087
-0.058682256232355005,-0.1394003071473022,-0.10482098797679439
0.03789093613691666,-0.07433730552249988,0.03129095406871079
-0.11006101693734952,0.005807153632326075,0.043191694183618866
0.03259139251167874,0.11872157355756513,-0.07173986540131745
-0.05671947098052397,0.018217292595328196,-0.04577938922650677
-0.07942624337486925,0.09577668045049942,-0.09470951475172175
0.14542883976525184,-0.08909425061504675,-0.06464833471732608
0.005508013560034802,0.0484765836872546,-0.06803855934078702
-0.025218680513515637,0.16078911441311217,-0.017825147634967047
-0.042052565818277265,-0.11504729090251434,0.07244293838981869
0.024677923893959605,-0.03494340717965695,-0.07572046967886918
-0.14587850985152148,-0.1757560880309414,0.10988291586011822
-0.012628730895237401,0.04191092950615323,-0.24324019256681326
-0.03568448732674509,-0.12200659040265599,-0.08751911903877785
-0.20610520303511418,-0.012432922923245281,-0.0295828198835719
-0.08050374965326723,0.03155842396883786,0.03990248863144591
0.26973035334120843,0.07496822645370756,-0.033301058477094365
-0.05060505609906629,-0.04276156449163182,0.09504003923490469
0.05573162059153224,-0.07512503981423722,-0.08331840705773447
0.04983455956486368,0.03982374608736067,-0.06805002349346373
0.04524845160766934,0.08232284043467362,0.046235870499156256
0.031459313174962554,0.0699572846369243,0.10558316140584485
0.034182563447738276,0.029913292317607428,0.16849956528040635
-0.03539287448621592,-0.13127239313506112,0.2338169754082273
0.058057213910641385,-0.04730550731401331,0.08864721866902169
0.050447439368471764,-0.11071203974139295,0.13139499919729722
0.05223087299482879,-0.03800698576321985,0.029899763050114776
-0.005949644087877238,0.09415481275850121,-0.02502637907675021
0.20987660782946513,0.14742555121363735,0.15696339993879954
-0.022782094549836086,-0.018901790061637436,-0.16372132385058782
0.11677907940988896,-0.017193171946331503,0.09608706469480872
-0.04791153578949626,0.06878359877427104,-0.08019735967065098
0.06584930962565709,-0.12901912813433544,-0.039760697667852354
0.0649150514675616,-0.062209962808395795,-0.07491811640819283
-0.08233175503221844,-0.020171953430673017,-0.1338952334794609
-0.04482851131934196,-0.07904807565689398,-0.03617194826790502
-0.18318530537780264,-0.012753753866596582,0.10909732145331648
-0.10373081409221763,0.03029550189803744,-0.2842818553354546
-0.11164306669070721,-0.026290263201906156,-0.0068600073723855196
-0.08058138804038843,-0.11263359775879592,0.09153322308800096
0.05930320327199791,0.13442490811796773,0.0367264511512188
0.20431061299027498,0.11843194944102807,0.08588836231855425
0.09154962416336064,-0.03234846658630545,-0.035066861046223335
0.11325945964283235,0.0386260192079233,-0.0019893615415406277
-0.10512095805920346,0.14462110278825518,-0.09662915266924116
-0.05112272519599349,-0.0643121936897919,0.13196375843816757
0.13873243035009256,-0.00037148044295998904,-0.1537759075193769
0.11686996455779636,-0.09734756504837604,-0.10620829688435021
-0.16898843801737728,0.02664999632574865,0.002146288133628227
-0.07118445697099433,0.07787180137342972,0.06273334208915421
-0.053417871476330904,0.08764333929342875,-0.060934552293580614
0.15618346974749125,-0.010121357192572265,0.097910476207707
-0.20957427967726844,-0.0720418085297963,-0.03657384882266791
-0.062037443752369414,0.017412503791372515,-0.05650544384668154
0.09399893444070834,0.04563005807137335,0.15379017584567098
-0.07959343998874549,-0.10925051555148835,0.10601834920190673
0.0870488999389242,0.05528585302968989,0.08797102355084756
-0.05370416402554341,-0.12528210573682577,0.1969963114864025
0.04733432985820059,0.07392875279654747,0.08714891708688084
-0.02494087980366613,-0.02017964244563979,-0.00769494720700455
0.04384741924391504,0.1317893516322896,-0.04240086879137387
-0.025250216932362724,-0.04615631110653744,0.08581817359493993
0.005780650093538118,0.05389238226544984,-0.004223192528134163
0.056510452120088144,0.33057326494568334,0.12620438824074198
-0.29072665952424126,-0.04348329707299581,0.01897575848374801
0.04783608723601074,-0.18437522778670368,-0.14111369005537086
0.03614870480442384,-0.057035800444136024,0.03621425615866684
0.0030368525060562148,0.04803037483370512,-0.10337738299094933
0.0967157128345203,0.07329703909640371,0.20399112071248374
-0.06856343530939538,-0.01692562554312394,-0.04697331344283422
-0.09686553026839424,0.17654631968137247,-0.11336201943369247
0.16227214539305304,0.03987216379762003,0.08419562581519975
0.06183439142530536,0.1341967088229696,0.03523024503797175
-0.07138659631957242,-0.04795483826758345,0.10930919482267283
-0.007916126371582245,0.14503748891788146,-0.10905608629193358
0.06847183138796474,0.09731191025577332,0.06586012633178433
-0.1283790119404211,-0.07675138413291628,0.025525531512617036
-0.10320457916572584,0.08339887273794773,-0.03207159932891798
0.06611372635357345,0.17748222614185255,-0.11358454336361085
-0.10000162013418729,0.026005235113853626,-0.03441936665041747
0.026928720700446718,-0.22039512557132057,0.2330403566939131
-0.03444490434515931,-0.07872418812242017,0.17969231704967706
-0.12025752562075309,0.15675399926972006,0.06710930573307688
-0.017275267542377928,0.0392695065743412,-0.18268980395863718
-0.22789673972847632,0.12579619140390896,0.10793339833551925
-0.09861248490282581,-0.038968987323687435,0.1529187994054603
0.06809442844819401,0.05812483327862006,-0.13420089278516495
0.0032487094264328203,0.22397023209661976,0.07372348206251697
-0.0007184683873289505,-0.0007749631789813529,0.0009288135402365417
-0.07441593810335927,0.038077426679830675,-0.03943533291819007
0.14959419469692217,0.10040392007781634,-0.1722454451048959
-0.2211646878091479,-0.06122995627456579,0.06352831245984994
-0.06386204789340114,-0.11328135391920711,0.10287771357941267
-0.0846915893109542,0.05741622406853415,-0.022566214835541207
0.10792795125404633,0.06638227440220466,-0.1217742975219039
-0.06183233824097009,-0.00933055256490494,0.057479634867001674
-0.17336660075208982,-0.04414942869084416,-0.08326084638932078
-0.02484359733433532,-0.12418879242354548,0.09705698058728998
-0.005295242305230781,0.07445155110548204,-0.0870645472935489
0.03519196500169361,-0.013383036921341768,-0.12322448218756538
0.01713919056385053,0.042363767891191895,0.11676408792859233
-0.025188757441301876,0.00196646214809981,-0.10692784950324469
-0.12731276857717383,0.026979026656580286,-0.09018192739342246
0.07133162701996448,0.050162616668266415,-0.04472944889152561
-0.04900316653631283,0.016101460298869007,0.07835490204961004
0.012165263668223285,0.16420722182202122,-0.04892834262854237
-0.24478258855847304,0.07822641271650445,0.03905718293056322
0.02170719819177745,0.02167672971305053,0.22089477597414323
0.18434180085713195,-0.07690810627033973,0.07519719932010484
0.03330886135335559,0.09344590881934628,0.03169846937352433
0.1519824863003704,-0.030832592568721062,-0.1483626605790962
0.13907183595676612,-0.041760507583514864,0.19343732663230373
-0.0672391107185532,0.042242998413285444,0.013218268614834073
0.1104746595841837,-0.10278246384150964,-0.18223396594578664
0.09728531161112375,-0.0849316724516116,-0.08316715043193745
0.01908627491300568,-0.050439934638009,0.08893374481265065
0.16062592481140248,0.10916836354102716,0.03212951100125893
0.15275018755358438,0.014479651280633011,0.06415774431309763
-0.03412281899538421,-0.05707049885611679,0.05628033323006714
-0.24530803176057125,-0.2227459545289534,0.04645912933124829
-0.11872579735646016,0.25219275283455905,-0.07124212808132327
-0.01751507467573531,-0.030954062178809645,-0.007222932423483864
0.10550593403562068,0.16258669834779094,0.05818701359733189
0.07344667824856889,0.05324273756640557,-0.2423418787028663
0.15138486689275424,9.544125715808046e-06,0.05649541672185702
-0.17676508842571442,-0.027016262466515187,0.04548933654638157
0.1987428467681439,0.11384952564404219,0.08493313961787237
-0.11951593246725978,0.047487677352562895,-0.059539258230626294
-0.28941423943105354,0.030092768757010377,-0.12097685443788322
-0.028826322299132096,-0.09340922600249599,-0.027603793738103496
-0.23946562768601526,0.06641615732328109,-0.005974152469043322
0.1651557531361126,0.11555535442001877,0.05942503805740697
0.10049153369692804,0.09807179991212368,0.028633147986795778
-0.025958260438799143,0.08013805617075491,0.13209570148976588
0.21434578543457544,0.07631831610220327,-0.1771607661882561
0.17669332387270079,0.0037820764741316494,-0.09200142469930378
-0.022775728272529886,-0.0076923345672230935,0.007082762594265966
0.03993857115598651,0.06573838751046032,-0.051621590788812524
-0.04252208226164392,0.0796109010590005,0.24621821184257808
-0.08782554155074333,0.17242852866922595,-0.2606947007071058
-0.18579558951625286,-0.026329025719049572,0.011287399222543414
0.10317701851729955,0.028859740362437103,-0.07232634177340053
0.10660369249088622,-0.08795219778335671,0.0022469294833867624
-0.04916557876138905,-0.03201456542541964,-0.05573187324395798
-0.09010596619925161,-0.030489005510311896,0.07128547813597129
-0.002661912640015789,0.03801035726347566,-0.14932548218574135
0.06407685292331565,0.04438119429499369,0.1253129403670715
-0.016059461716443263,0.028336700053211664,0.06563709043190684
-0.0018436626649883715,-0.13817715314028003,0.09336693295050782
-0.01516797016094678,0.016463811788600978,-0.1690619521458007
0.12739179319363808,0.17971450323170635,0.04947751722543853
-0.0661262422695421,-0.03313355196376947,-0.10967856072625169
0.07641775975945814,-0.04943144885812306,0.06251176265995771
0.16120112770541853,-0.02242947816154999,-0.08238629080819883
0.016895412685450657,-0.050732306783977436,-0.048524573701662264
0.09958333877668102,0.11882913828869807,-0.10274228012409421
-0.01651509518596835,0.04193976490040481,-0.04566747581513622
-0.216808850187043,-0.27659865022658886,-0.07257289196085735
-0.08179280738591842,0.04774191544042242,-0.01890502930211195
0.04673070786976821,-0.07930155767450067,-0.04866841755376125
0.10549534897614028,-0.1516183681226062,0.027216074614050418
0.05770995108998065,0.03611813899966387,0.14093369102382464
0.0983384217213307,0.040226257852004926,0.0005250824252457938
0.0018559324946946403,-0.045933632180865214,-0.04612709450413399
-0.02916413586064754,0.03426870791169929,0.0637178618611341
-0.09817483868498661,-0.11371311073122899,-0.16114652080067968
-0.008108190433561263,0.07920650916506944,0.23237603199416743
0.06706359752514716,0.09889215201461755,0.17452031986509697
-0.22828047580206734,0.009571283527461089,-0.09645800808811428
-0.08211408389971256,0.18951082373223868,-0.21401988410144335
-0.1091161131303716,-0.04621434770763045,-0.278541911879232
0.04932396547916135,0.07685925347014494,-0.12061882675483233
0.13371923806592872,-0.1943155258677575,0.28360377389684616
-0.2391951821188807,0.20656715191740257,0.017104465387990705
-0.007112686563695212,0.07021695387361314,0.029110242067637567
-0.05834207355836594,-0.02706850290291903,0.037423630972687395
-0.03843008955245683,-0.03554111406121544,-0.03266665353917729
0.05637870282497755,0.029591210530030495,0.0003391000530167123
-0.10334824201186338,0.12086736390745623,-0.09190087258792201
-0.16276076466353484,0.16592945296834816,0.20721408281735362
-0.24062446638415025,0.11502411772078719,-0.036512037729184744
-0.06978449747295459,-0.11003934263453513,0.014408477888008262
0.17448751022535336,-0.01985525038940279,0.10755856479901625
0.05872705805196843,0.01246576829899091,0.12360523910232808
-0.021403775691932872,0.06155278762716937,-0.08780946932488432
-0.03585474868165316,-0.04567021403172772,-0.002376397477820887
0.1238070667515041,-0.04600965537468387,-0.0449549481204814
-0.024138955707037616,0.01878955256309724,0.0001331466238902256
-0.06014637124642346,-0.0498436989930376,0.012523984880750488
0.02919859470843389,-0.026512800308699975,-0.06313455715065884
0.0506512813010551,0.03027290606693906,0.11655288992597557
0.05837736378796804,0.11874290323534192,-0.06442996409674591
-0.07592795356640708,0.10356427709362313,-0.0746425641631694
-0.023258814791544624,-0.0036194753475096656,-0.0827149522321673
0.03969204252659149,0.10751547426278255,0.1563590619250734
0.1028323973994537,-0.04865686638941459,0.0789828738881007
-0.09404208229662596,0.09246740750085862,-0.0003515422011515269
-0.12070070061899454,0.013325076796692285,-0.1661908400908892
0.03704785968910623,0.10221061643229033,0.04016824334128169
-0.03649928171609554,-0.1711166909452968,0.043702305129313196
0.16576016532184162,0.03314359651581727,0.24255338666544898
9.049701791623367e-05,-0.12076737168854468,0.008065775737595924
0.026738459524125086,-0.07887620129350657,0.036211286426317844
-0.08033049413863273,0.12302102265869928,0.014957275657926603
0.10221108563702966,-0.07845673369193401,0.19202799557323827
0.16866802418363042,0.016197165059749608,0.1768372980854316
-0.1268746322207115,-0.22247948400444215,-0.3039802130944448
0.00736957020306378,-0.05234426780883733,0.00238795379007006
-0.22189522361847477,-0.12155193898879886,0.06650969650267795
-0.034856215424394564,-0.0979241088405809,-0.015004341881642317
0.14311968578331785,0.03571278129386606,-0.05691585376951067
0.06525779438547501,-0.1336107481376333,-0.10191136800438108
0.019679693985546694,0.09714702270411903,-0.09312563244856296
-0.0907769031886771,0.3448931329341259,-0.01433257543407812
0.1513957627113647,-0.1315281078424063,-0.04065292989675162
0.21069409576478113,0.05934097505371283,0.07601017089416624
-0.12914127406012976,0.12257529720198326,-0.08727194469466133
-0.030943992990214154,0.10968025314352939,0.18346600079255396
-0.01898735023463317,0.07888747147392614,0.13275345700116323
-0.10262567161304632,0.3014900059910155,0.10724990214556768
0.20787196182424938,0.09543585366563152,0.039080556148758924
-0.022183395896264377,-0.12567756154229903,-0.021615961029977697
0.17302510857979092,0.11907777383556983,-0.03186485899342031
0.02008023159168988,-0.05402922474048272,-0.004303420395221968
0.28740558088422974,0.06889171025543708,0.05196625163677376
-0.04401196970749699,-0.007706195482255901,0.055137606412302864
-0.15738765576554117,0.07360932218734377,0.10864514846778173
-0.02017589469470131,-0.040254455974118676,0.16577386264725952
0.011595689717466384,-0.2022820720676077,-0.13548479793901821
-0.07591828673121588,0.04916679810031891,0.13825443579650568
0.0784362447494752,0.03210109161221813,-0.27153095207511496
0.06393973140749358,-0.059654893369003065,-0.05637702012847337
-0.02450303061514029,-0.13389709579117534,0.09940562251823352
-0.09781755299980711,0.011735058927131187,0.04145372091622949
-0.049946542098105354,-0.06921826326563632,-0.005950129231487333
0.015115227340549051,0.09129673459730794,-0.000884004140429692
0.00946499015974884,0.07863540620072855,-0.11072902902100419
-0.08032108942002082,0.07652778793224468,0.07045720587954005
-0.09625932986681296,-0.051610631014281386,0.07578612883797256
0.03894044563025384,0.06101460946414847,-0.06758436587043105
-0.08669483690236018,0.05255323821773914,0.05511483091170364
-0.02354666179814861,-0.08582284408835093,-0.02184843432353977
0.1112320756815538,0.28502349287800804,-0.044783439316873834
0.18056080338894934,-0.1389037508018988,-0.0012636925088013852
-0.25094239454385064,-0.08538418342153614,-0.02823702594735364
-0.0913997444546632,-0.05814170929860825,0.14045200317745773
0.026193606414963023,-0.15937096306275975,-0.15175220910211984
0.052394516499617086,-0.0014637130495949316,0.2013237449606205
0.13038214950743116,-0.0895263414603966,0.13840427716879494
0.08832347816037699,0.16777219987056127,-0.06884953381863262
0.033181430804905536,0.05523603150503359,0.18218093641075686
0.0090681365102338,-0.07783113833218354,-0.08063818056225802
-0.07757782348833123,-0.23700335338658612,-0.16396384575847017
-0.04871194112563444,0.01505559367527895,0.2240691400769481
0.055753312562762405,-0.07406170914607382,0.14234140801536857
-0.022174811729407884,-0.10478278728854003,-0.16704202550560726
0.061084901381423445,-0.08289478280298444,0.07332503545617866
-0.06287677573171456,-0.012583161960806364,-0.0839175767056569
-0.10206392159146922,0.21942396699386624,0.08993295240403229
-0.04150820107303199,0.05536845910362384,-0.1007086594274524
-0.028999623921936796,0.10508821324523841,0.0038518395393704816
-0.03051006399901171,0.10782685581893621,0.08311656713112031
0.14247751332207453,-0.029380815095514257,0.10561709676276816
-0.07306368627582177,-0.051146259710782585,-0.06268507984104534
0.01960495783046899,-0.1606981027179439,-0.20445538067099256
0.18156853676814494,-0.028973392802959397,0.07463261802040205
0.03388240202683062,-0.026643329226915632,0.07725251391263424
-0.2268514830550261,0.02146110757914639,0.005458897489933128
-0.1289517351420627,0.07229043946698112,0.13875175395893022
-0.11902053970796422,0.012322322194437157,0.027250702791148745
-0.06397277848791033,-0.12079206309760103,-0.02510016952293962
-0.010193434115970715,0.22816084008323864,0.1761507456533904
0.0041553220148273316,0.15452999040602766,-0.18099691392087014
0.016733691054402068,-0.11026658994440948,-0.05450836913478673
-0.14479439214279802,0.025010703554791215,-0.10366956065803966
-0.07736579653067743,-0.0814829703289031,-0.10862637078103572
0.14482208706278343,-0.029102164182100557,0.022716025686641394
0.052757151499831435,0.05946151016043302,0.0008557343127642042
0.0663882914231995,-0.07069330723229712,-0.0874542671746324
-0.08586114582415127,-0.14304640093183327,-0.025252324383225645
-0.08653664362381286,-0.10385814563438803,0.05445320017464932
-0.16791089300287088,0.04533176879888068,0.0497050055620653
0.16317622340614674,0.055623646700515554,0.10986472406356385
-0.13937069032510804,0.12351592568663217,0.12668504769343045
0.04189412245275792,-0.07853506474953204,-0.16551653382275677
